-- phpMyAdmin SQL Dump
-- version 4.8.0.1
-- https://www.phpmyadmin.net/
--
-- Servidor: 127.0.0.1
-- Tiempo de generación: 28-10-2021 a las 13:13:14
-- Versión del servidor: 10.1.32-MariaDB
-- Versión de PHP: 7.2.5

SET SQL_MODE = "NO_AUTO_VALUE_ON_ZERO";
SET AUTOCOMMIT = 0;
START TRANSACTION;
SET time_zone = "+00:00";


/*!40101 SET @OLD_CHARACTER_SET_CLIENT=@@CHARACTER_SET_CLIENT */;
/*!40101 SET @OLD_CHARACTER_SET_RESULTS=@@CHARACTER_SET_RESULTS */;
/*!40101 SET @OLD_COLLATION_CONNECTION=@@COLLATION_CONNECTION */;
/*!40101 SET NAMES utf8mb4 */;

--
-- Base de datos: `blog`
--

-- --------------------------------------------------------

--
-- Estructura de tabla para la tabla `agenda`
--

CREATE TABLE `agenda` (
  `id` int(11) NOT NULL,
  `pais` varchar(250) NOT NULL,
  `capital` varchar(250) NOT NULL,
  `moneda` text NOT NULL,
  `idioma` text NOT NULL,
  `clima` text NOT NULL,
  `llegar` text NOT NULL,
  `hospedaje` text NOT NULL,
  `actividad` text NOT NULL,
  `presupuesto` text NOT NULL,
  `transporte` text NOT NULL,
  `comida` text NOT NULL,
  `consejo` text NOT NULL,
  `opcional` text NOT NULL,
  `lat` varchar(50) NOT NULL,
  `lon` varchar(50) NOT NULL,
  `continente` varchar(10) NOT NULL,
  `estatus` int(2) NOT NULL
) ENGINE=InnoDB DEFAULT CHARSET=latin1;

-- --------------------------------------------------------

--
-- Estructura de tabla para la tabla `archivo`
--

CREATE TABLE `archivo` (
  `id` int(11) NOT NULL,
  `idGuia` int(11) NOT NULL,
  `tipo` int(11) NOT NULL,
  `archivo` text NOT NULL,
  `estatus` int(2) NOT NULL
) ENGINE=InnoDB DEFAULT CHARSET=latin1;

-- --------------------------------------------------------

--
-- Estructura de tabla para la tabla `archivoblog`
--

CREATE TABLE `archivoblog` (
  `id` int(11) NOT NULL,
  `idEntrada` int(2) NOT NULL,
  `tipo` int(2) NOT NULL,
  `archivo` varchar(250) NOT NULL,
  `estatus` int(2) NOT NULL
) ENGINE=InnoDB DEFAULT CHARSET=latin1;

--
-- Volcado de datos para la tabla `archivoblog`
--

INSERT INTO `archivoblog` (`id`, `idEntrada`, `tipo`, `archivo`, `estatus`) VALUES
(1, 1, 1, '../admin/storage/articulos/5e9df72f1dfff25a1009399e_production-featured-ingredient-image-34915d63-fd26-4c4f-a62a-9342578fa872.jpeg', 1),
(2, 1, 1, '../admin/storage/articulos/5e9df73a8ea2ab52ab347286_production-image-29a997d1-6607-4b5a-acca-21be3c6863e2.jpeg', 1),
(3, 1, 1, '../admin/storage/articulos/5e9df7289d0cc9d47f0c955b_production-image-a968ff25-8aba-436d-85c3-17a15b2f33a8.jpeg', 1),
(4, 1, 1, '../admin/storage/articulos/5e9df739d709f72bb4b3cf2a_production-image-0b846d2b-6ba9-462b-9275-582052561cf5.jpeg', 1),
(5, 2, 1, '../admin/storage/articulos/5e9df72f1dfff263c209399f_production-image-6bb6807f-0c37-4e99-a904-16e34fc93a51.jpeg', 1),
(6, 2, 1, '', 1),
(7, 2, 1, '', 1),
(8, 2, 1, '', 1);

-- --------------------------------------------------------

--
-- Estructura de tabla para la tabla `categoria`
--

CREATE TABLE `categoria` (
  `id` int(3) UNSIGNED NOT NULL,
  `categoria` varchar(50) NOT NULL,
  `comentario` text NOT NULL,
  `estatus` int(2) NOT NULL
) ENGINE=InnoDB DEFAULT CHARSET=latin1;

--
-- Volcado de datos para la tabla `categoria`
--

INSERT INTO `categoria` (`id`, `categoria`, `comentario`, `estatus`) VALUES
(1, '¿Quién soy?', '', 1),
(2, 'Abordando', '', 1),
(3, 'Viajes', '', 1),
(4, 'Noticias', '', 1),
(5, 'Blog', 'Blog', 1);

-- --------------------------------------------------------

--
-- Estructura de tabla para la tabla `ciudad`
--

CREATE TABLE `ciudad` (
  `id` int(11) NOT NULL,
  `pais` varchar(2) NOT NULL,
  `ciudad` varchar(100) NOT NULL
) ENGINE=MyISAM DEFAULT CHARSET=utf8;

--
-- Volcado de datos para la tabla `ciudad`
--

INSERT INTO `ciudad` (`id`, `pais`, `ciudad`) VALUES
(1, 'AF', 'Kabul'),
(2, 'AL', 'Tirana'),
(3, 'DE', 'Berlín'),
(4, 'AD', 'Andorra la Vieja'),
(5, 'AO', 'Luanda'),
(6, 'AG', 'Saint John\'s'),
(7, 'AI', 'El valle'),
(8, 'AQ', 'Antartida'),
(9, 'SA', 'Riad'),
(10, 'DZ', 'Argel'),
(11, 'AR', 'Buenos Aires'),
(12, 'AM', 'Ereván'),
(13, 'AU', 'Canberra'),
(14, 'AT', 'Viena'),
(15, 'AW', 'Oranjestad'),
(16, 'AZ', 'Bakú'),
(17, 'BS', 'Nasáu'),
(18, 'BD', 'Daca'),
(19, 'BB', 'Bridgetown'),
(20, 'BH', 'Manama'),
(21, 'BE', 'Bruselas'),
(22, 'BZ', 'Belmopán'),
(23, 'BJ', 'Porto-Novo'),
(24, 'BM', 'Hamilton'),
(25, 'BY', 'Minsk'),
(26, 'BU', 'Naipyidó'),
(27, 'BO', 'Sucre'),
(28, 'BA', 'Sarajevo'),
(29, 'BW', 'Gaborone'),
(30, 'BR', 'Brasilia'),
(31, 'BN', 'Bandar Seri Begawan'),
(32, 'BG', 'Sofía'),
(33, 'BF', 'Uagadugú'),
(34, 'BI', 'Buyumbura'),
(35, 'BQ', 'Kralendijk'),
(36, 'BT', 'Timbu'),
(37, 'CV', 'Praia'),
(38, 'KH', 'Phnom Penh'),
(39, 'CM', 'Yaundé'),
(40, 'CA', 'Ottawa'),
(41, 'TD', 'Yamena'),
(42, 'CL', 'Santiago de Chile'),
(43, 'CN', 'Pekín'),
(44, 'CY', 'Nicosia'),
(45, 'VA', 'Ciudad del Vaticano'),
(46, 'CO', 'Bogotá'),
(47, 'KM', 'Moroni'),
(48, 'KP', 'Pionyang'),
(49, 'KR', 'Seúl'),
(50, 'CI', 'Yamusukro'),
(51, 'CR', 'San José'),
(52, 'HR', 'Zagreb'),
(53, 'CW', 'Willemstad'),
(54, 'CU', 'La Habana'),
(55, 'DJ', 'Yibuti'),
(56, 'DK', 'Copenhague'),
(57, 'DM', 'Roseau'),
(58, 'EC', 'Quito'),
(59, 'EG', 'El Cairo'),
(60, 'SV', 'San Salvador'),
(61, 'AE', 'Abu Dabi'),
(62, 'ER', 'Asmara'),
(63, 'SK', 'Bratislava'),
(64, 'SI', 'Liubliana'),
(65, 'ES', 'Madrid'),
(66, 'EU', 'Washington D. C.'),
(67, 'EE', 'Tallin'),
(68, 'ET', 'Adís Abeba'),
(69, 'FO', 'Tórshavn'),
(70, 'PH', 'Manila'),
(71, 'FI', 'Helsinki'),
(72, 'FJ', 'Suva'),
(73, 'FR', 'París'),
(74, 'GA', 'Libreville'),
(75, 'GM', 'Banjul'),
(76, 'GE', 'Tiflis'),
(77, 'GH', 'Acra'),
(78, 'GD', 'Saint George\'s'),
(79, 'GR', 'Atenas'),
(80, 'GT', 'Ciudad de Guatemala'),
(81, 'GN', 'Conakry'),
(82, 'GQ', 'Malabo'),
(83, 'GI', 'Gibraltar'),
(84, 'GL', 'Groelandia'),
(85, 'GW', 'Bissau'),
(86, 'GU', 'Agaña'),
(87, 'GY', 'Georgetown'),
(88, 'HT', 'Puerto Príncipe'),
(89, 'HN', 'Tegucigalpa'),
(90, 'HU', 'Budapest'),
(91, 'IN', 'Nueva Delhi'),
(92, 'ID', 'Yakarta'),
(93, 'IR', 'Teherán'),
(94, 'IQ', 'Bagdad'),
(95, 'IE', 'Dublín'),
(96, 'IS', 'Reikiavik'),
(97, 'MH', 'Majuro'),
(98, 'KY', 'George Town'),
(99, 'CK', 'Birmania'),
(100, 'SB', 'Honiara'),
(101, 'IL', 'Jerusalén'),
(102, 'IT', 'Roma'),
(103, 'JM', 'Kingston'),
(104, 'JP', 'Tokio'),
(105, 'JO', 'Amán'),
(106, 'KZ', 'Astaná'),
(107, 'KE', 'Nairobi'),
(108, 'KG', 'Biskek'),
(109, 'KI', 'Tarawa'),
(110, 'KW', 'Ciudad de Kuwait'),
(111, 'LA', 'Vientián'),
(112, 'LS', 'Maseru'),
(113, 'LV', 'Riga'),
(114, 'LR', 'Monrovia'),
(115, 'LB', 'Beirut'),
(116, 'LY', 'Trípoli'),
(117, 'LI', 'Vaduz'),
(118, 'LT', 'Vilna'),
(119, 'LU', 'Luxemburgo'),
(120, 'MG', 'Antananarivo'),
(121, 'MY', 'Kuala Lumpur'),
(122, 'MW', 'Lilongüe'),
(123, 'MV', 'Malé'),
(124, 'ML', 'Bamako'),
(125, 'MT', 'La Valeta'),
(126, 'MA', 'Rabat'),
(127, 'MU', 'Port Louis'),
(128, 'MR', 'Nuakchot'),
(129, 'MX', 'Ciudad de México'),
(130, 'FM', 'Palikir'),
(131, 'MD', 'Chisinau'),
(132, 'MC', 'Mónaco'),
(133, 'MN', 'Ulán Bator'),
(134, 'ME', 'Podgorica'),
(135, 'MZ', 'Maputo'),
(136, 'NA', 'Windhoek'),
(137, 'NR', 'Yaren'),
(138, 'NP', 'Katmandú'),
(139, 'NI', 'Managua'),
(140, 'NU', 'Alofi'),
(141, 'NE', 'Niamey'),
(142, 'NG', 'Abuya'),
(143, 'NO', 'Oslo'),
(144, 'NZ', 'Wellington'),
(145, 'OM', 'Mascate'),
(146, 'NL', 'Ámsterdam'),
(147, 'PK', 'Islamabad'),
(148, 'PW', 'Melekeok'),
(149, 'PA', 'Panamá'),
(150, 'PG', 'Port Moresby'),
(151, 'PY', 'Asunción'),
(152, 'PR', 'San Juan'),
(153, 'PE', 'Lima'),
(154, 'PL', 'Varsovia'),
(155, 'PT', 'Lisboa'),
(156, 'QA', 'Doha'),
(157, 'GB', 'Londres'),
(158, 'CF', 'Bangui'),
(159, 'CZ', 'Praga'),
(160, 'MK', 'Skopie'),
(161, 'CD', 'Brazzaville'),
(162, 'CG', 'Kinsasa'),
(163, 'DO', 'Santo Domingo'),
(164, 'RW', 'Kigali'),
(165, 'RO', 'Bucarest'),
(166, 'RU', 'Moscú'),
(167, 'WS', 'Apia'),
(168, 'KN', 'Basseterre'),
(169, 'MF', 'Philipsburg'),
(170, 'SM', 'Ciudad de San Marino'),
(171, 'VC', 'Kingstown'),
(172, 'LC', 'Castries'),
(173, 'ST', 'Santo Tomé'),
(174, 'SN', 'Dakar'),
(175, 'RS', 'Belgrado'),
(176, 'SC', 'Victoria'),
(177, 'SL', 'Freetown'),
(178, 'SG', 'Singapur'),
(179, 'SY', 'Damasco'),
(180, 'SO', 'Mogadiscio'),
(181, 'LK', 'Sri Jayawardenapura Kotte'),
(182, 'CH', 'Mbabane'),
(183, 'ZA', 'Ciudad del Cabo'),
(184, 'SD', 'Jartum'),
(185, 'SE', 'Estocolmo'),
(186, 'SZ', 'Berna'),
(187, 'SR', 'Paramaribo'),
(188, 'TW', 'Taipéi  '),
(189, 'TH', 'Bangkok'),
(190, 'TZ', 'Dodoma'),
(191, 'TJ', 'Dusambé'),
(192, 'TL', 'Dili'),
(193, 'TG', 'Lomé'),
(194, 'TO', 'Nukualofa'),
(195, 'TT', 'Puerto España'),
(196, 'TN', 'Túnez'),
(197, 'TM', 'Asjabad'),
(198, 'TR', 'Ankara'),
(199, 'TV', 'Funafuti'),
(200, 'UA', 'Kiev'),
(201, 'UG', 'Kampala'),
(202, 'UY', 'Montevideo'),
(203, 'UZ', 'Taskent'),
(204, 'VU', 'Port Vila'),
(205, 'VE', 'Caracas'),
(206, 'VN', 'Hanói'),
(207, 'YE', 'Saná'),
(208, 'ZM', 'Lusaka'),
(209, 'ZW', 'Harare'),
(210, '', ''),
(211, '', ''),
(212, '', ''),
(213, '', ''),
(214, '', ''),
(215, '', ''),
(216, '', ''),
(217, '', ''),
(218, '', ''),
(219, '', ''),
(220, '', ''),
(221, '', ''),
(222, '', ''),
(223, '', ''),
(224, '', ''),
(225, '', ''),
(226, '', ''),
(227, '', ''),
(228, '', ''),
(229, '', ''),
(230, '', ''),
(231, '', ''),
(232, '', ''),
(233, '', ''),
(234, '', ''),
(235, '', ''),
(236, '', ''),
(237, '', ''),
(238, '', ''),
(239, '', ''),
(240, '', ''),
(241, '', ''),
(242, '', '');

-- --------------------------------------------------------

--
-- Estructura de tabla para la tabla `comentario`
--

CREATE TABLE `comentario` (
  `id` int(11) NOT NULL,
  `idEntrada` int(11) NOT NULL,
  `nombre` varchar(250) NOT NULL,
  `comentario` text NOT NULL,
  `fecha` datetime NOT NULL,
  `estatus` int(11) NOT NULL
) ENGINE=InnoDB DEFAULT CHARSET=latin1;

-- --------------------------------------------------------

--
-- Estructura de tabla para la tabla `currency`
--

CREATE TABLE `currency` (
  `CurrencyISO` varchar(3) COLLATE utf8_unicode_ci DEFAULT NULL,
  `Language` varchar(3) COLLATE utf8_unicode_ci DEFAULT NULL,
  `CurrencyName` varchar(35) COLLATE utf8_unicode_ci DEFAULT NULL,
  `Money` varchar(30) COLLATE utf8_unicode_ci DEFAULT NULL,
  `Symbol` varchar(3) COLLATE utf8_unicode_ci DEFAULT NULL
) ENGINE=InnoDB DEFAULT CHARSET=utf8 COLLATE=utf8_unicode_ci;

--
-- Volcado de datos para la tabla `currency`
--

INSERT INTO `currency` (`CurrencyISO`, `Language`, `CurrencyName`, `Money`, `Symbol`) VALUES
('AFN', 'ES', 'Afghani', 'افغانۍ', '؋'),
('THB', 'ES', 'Baht', 'บาทไทย', '฿'),
('PAB', 'ES', 'Balboa', 'Balboa', 'B'),
('ETB', 'ES', 'Birr Etiopía', 'Birr', 'B'),
('VEF', 'ES', 'Bolivar Fuerte', 'Bolívar', 'B'),
('BOB', 'ES', 'Boliviano', 'Boliviano', 'B'),
('BND', 'ES', 'Brunei Dólar', 'Ringgit', 'B'),
('GHS', 'ES', 'Cedi', 'Cedi', 'G'),
('CRC', 'ES', 'Colón Costa Rican', 'Colón', '₡'),
('SVC', 'ES', 'Colón Salvadoreño', 'Colón', '₡'),
('NIO', 'ES', 'Cordoba Oro', 'Córdoba', 'C'),
('DKK', 'ES', 'Corona Danesa', 'Corona', 'K'),
('ISK', 'ES', 'Corona Islandia', 'Corona', 'k'),
('NOK', 'ES', 'Corona Noruega', 'Corona', 'k'),
('SEK', 'ES', 'Corona Suiza', 'Corona', 'k'),
('GMD', 'ES', 'Dalasi', 'Dalasi', 'D'),
('MKD', 'ES', 'Dinar', 'Денар', 'д'),
('DZD', 'ES', 'Dinar Algeria', 'دينار', 'د'),
('BHD', 'ES', 'Dinar Bahrainí', 'دينار', '.'),
('LYD', 'ES', 'Dinar de Libia', 'دينار', 'ل'),
('RSD', 'ES', 'Dinar de Serbian', 'Динар', 'д'),
('TND', 'ES', 'Dinar de Tunisia', 'دينار', 'د'),
('IQD', 'ES', 'Dinar Iraqi', 'دينار', 'ع'),
('JOD', 'ES', 'Dinar Jordano', 'دينار', 'د'),
('KWD', 'ES', 'Dinar Kuwaití', 'دينار', 'د'),
('MAD', 'ES', 'Dirham de Moroco', 'درهم', 'د'),
('DJF', 'ES', 'Djibouti Franco', 'الفرنك', 'F'),
('STD', 'ES', 'Dobra', 'Dobra', 'D'),
('USD', 'ES', 'Dólar Americano', 'Dólar', '$'),
('AUD', 'ES', 'Dólar Australiano', 'Dólar', '$'),
('BSD', 'ES', 'Dólar Bahamas', 'Dólar', 'B'),
('BBD', 'ES', 'Dólar Barbados', 'Dólar', 'B'),
('BZD', 'ES', 'Dólar Belize', 'Dólar', 'B'),
('BMD', 'ES', 'Dólar Bremuda', 'Dólar', 'B'),
('CAD', 'ES', 'Dólar Canadiense', 'Dólar', '$'),
('GYD', 'ES', 'Dólar de Guyana', 'Dólar', 'G'),
('NAD', 'ES', 'Dólar de Namibia', 'Dólar', 'N'),
('ZWL', 'ES', 'Dólar de Zimbabwe', 'Dólar', '$'),
('XCD', 'ES', 'Dólar del Este Caribeño', 'Dólar', 'E'),
('FJD', 'ES', 'Dólar Fiji', 'Dólar', 'F'),
('HKD', 'ES', 'Dólar Hong Kong', '香港圓', 'H'),
('KYD', 'ES', 'Dólar Islas Caimán', 'Dólar', '$'),
('SBD', 'ES', 'Dólar Islas Salomón', 'Dólar', 'S'),
('JMD', 'ES', 'Dólar Jamaiquino', 'Dólar', '$'),
('LRD', 'ES', 'Dólar Liberiano', 'Dólar', 'L'),
('NZD', 'ES', 'Dólar Nueva Zelanda', 'Dólar', '$'),
('SGD', 'ES', 'Dólar Singapur', '新加坡元', 'S'),
('SRD', 'ES', 'Dólar Surinam', 'Dólar', '$'),
('TWD', 'ES', 'Dólar Taiwanés', '新臺幣', '$'),
('TTD', 'ES', 'Dólar Trinidad y Tobago', 'Dólar', '$'),
('VND', 'ES', 'Dong', 'đồng', '₫'),
('AMD', 'ES', 'Dram Armenio', 'Դրամ', 'դ'),
('CVE', 'ES', 'Escudo Cabo Verde', 'Escudo', 'E'),
('EUR', 'ES', 'Euro', 'Euro', '€'),
('HUF', 'ES', 'Florín Húgaro', 'Forín', 'F'),
('XAF', 'ES', 'Franco CFA', 'Franco', 'C'),
('XOF', 'ES', 'Franco CFA', 'Franco', 'C'),
('XPF', 'ES', 'Franco CFA', 'Franco', 'F'),
('CDF', 'ES', 'Franco Congolés', 'Franco', 'F'),
('KMF', 'ES', 'Franco de Comoro', 'Franco', 'F'),
('GNF', 'ES', 'Franco de Guinea', 'Franco', 'F'),
('RWF', 'ES', 'Franco Ruandés', 'Franco', 'R'),
('CHF', 'ES', 'Franco Suizo', 'Franco', 'F'),
('BIF', 'ES', 'Francoo de Burundi', 'Franco', 'F'),
('HTG', 'ES', 'Gourde', 'Gourde', 'G'),
('PYG', 'ES', 'Guarani', 'Guaraní', '₲'),
('ANG', 'ES', 'Guilder Antillas Nerlandesas', 'Gulden', 'N'),
('AWG', 'ES', 'Guilder de Aruba', 'Florijn', 'A'),
('UAH', 'ES', 'Hryvnia', 'Гривня', '₴'),
('PGK', 'ES', 'Kina', 'Kina', 'K'),
('LAK', 'ES', 'Kip', 'ກີບ', '₭'),
('CZK', 'ES', 'Koruna Checa', 'Koruna', 'K'),
('EEK', 'ES', 'Kroon', 'Kroon', 'K'),
('HRK', 'ES', 'Kuna Croatí', 'Kuna', 'k'),
('MWK', 'ES', 'Kwacha', 'Kwacha', 'M'),
('ZMK', 'ES', 'Kwacha de Zambia', 'Kwacha', 'Z'),
('AOA', 'ES', 'Kwanza', 'Kwanza', 'K'),
('MMK', 'ES', 'Kyat', 'Kyat', 'K'),
('GEL', 'ES', 'Lari', 'ლარი', 'l'),
('LVL', 'ES', 'Latvian Lats', 'Lats', 'L'),
('ALL', 'ES', 'Lek', 'Leku', 'L'),
('HNL', 'ES', 'Lempira', 'Lempira', 'L'),
('SLL', 'ES', 'Leone', 'Leone', 'L'),
('MDL', 'ES', 'Leu de Moldovia', 'Leu', 'l'),
('BGN', 'ES', 'Lev Búlgaro', 'лев', 'л'),
('SHP', 'ES', 'Libra de Santa Eelena', 'Libra', '£'),
('SDG', 'ES', 'Libra de Sudán', 'جنيه', '£'),
('EGP', 'ES', 'Libra Egipcia', 'الجنيه', '£'),
('GIP', 'ES', 'Libra Gibraltar', 'Libra', '£'),
('FKP', 'ES', 'Libra Islas Falkland', 'Libra', '£'),
('LBP', 'ES', 'Libra Libanesa', 'ليرة,', 'ل'),
('SYP', 'ES', 'Libra Siria', 'الليرة', 'S'),
('GBP', 'ES', 'Libra Sterling', 'Libra', '£'),
('SZL', 'ES', 'Lilangeni', 'Lilangeni', 'L'),
('TRY', 'ES', 'Lira Turca', 'Lira', 'T'),
('LTL', 'ES', 'Litas Lutianesa', 'Litas', 'L'),
('LSL', 'ES', 'Loti', 'Loti', 'L'),
('MGA', 'ES', 'Malagasy Ariary', 'Ariary', 'F'),
('TMT', 'ES', 'Manat', 'Манат', 'm'),
('AZN', 'ES', 'Manat Azerbaijanian', 'Manatı', 'м'),
('BAM', 'ES', 'Marcos Convertibles', 'Marka', 'K'),
('MZN', 'ES', 'Metical', 'Metical', 'M'),
('NGN', 'ES', 'Naira', 'Naira', '₦'),
('ERN', 'ES', 'Nakfa', 'Nakfa', 'N'),
('BTN', 'ES', 'Ngultrum', 'དངུལ་ཀྲམ', 'N'),
('RON', 'ES', 'Nuevo Leu', 'Leu', 'L'),
('PEN', 'ES', 'Nuevo Sol', 'Sol', 'S'),
('MRO', 'ES', 'Ouguiya', 'أوقية', 'U'),
('TOP', 'ES', 'Pa\'anga', 'Pa\'anga', 'T'),
('MOP', 'ES', 'Pataca', '澳門圓', 'M'),
('ARS', 'ES', 'Peso Argentino', 'Peso', '$'),
('CLP', 'ES', 'Peso Chileno', 'Peso', '$'),
('COP', 'ES', 'Peso Colombiano', 'Peso', 'C'),
('CUP', 'ES', 'Peso Cubano', 'Peso', '$'),
('DOP', 'ES', 'Peso Dominicano', 'Peso', 'R'),
('PHP', 'ES', 'Peso Filipino', 'Piso', '₱'),
('GWP', 'ES', 'Peso Guinea-Bissau', 'Peso', '$'),
('MXN', 'ES', 'Peso Mexicano', 'Peso', '$'),
('UYU', 'ES', 'Peso Uruguayo', 'Peso', '$'),
('BWP', 'ES', 'Pula', 'Pula', 'P'),
('QAR', 'ES', 'Qatari Rial', 'ريال', 'ر'),
('GTQ', 'ES', 'Quetzal', 'Quetzal', 'Q'),
('ZAR', 'ES', 'Rand', 'Rand', 'R'),
('BRL', 'ES', 'Real Brasileño', 'Real', 'R'),
('IRR', 'ES', 'Rial Iraní', '﷼', '﷼'),
('OMR', 'ES', 'Rial Omani', 'ريال', 'ر'),
('YER', 'ES', 'Rial Yemení', 'ريال', 'ر'),
('KHR', 'ES', 'Riel', 'Riel', 'r'),
('MYR', 'ES', 'Ringgit de Malasia', 'ريڠڬيت', 'R'),
('SAR', 'ES', 'Riyal Saudí', 'ريال', 'ر'),
('BYR', 'ES', 'Rublo Bieloruso', 'Рубель', 'B'),
('RUB', 'ES', 'Rublo Ruso', 'Рубль', 'р'),
('MVR', 'ES', 'Rufiyaa', 'Rufiyaa', 'R'),
('IDR', 'ES', 'Rupia', 'Rupia', 'R'),
('SCR', 'ES', 'Rupia de Seychelles', 'Rupia', 'S'),
('INR', 'ES', 'Rupia Indú', 'Rupia', 'R'),
('MUR', 'ES', 'Rupia Mauritius', 'Rupia', 'R'),
('NPR', 'ES', 'Rupia Nepalesa', 'Rupia', 'N'),
('PKR', 'ES', 'Rupia Pakistaní', 'Rupia', 'R'),
('LKR', 'ES', 'Rupia Sri Lanka', 'Rupia', 'R'),
('ILS', 'ES', 'Sheqel Israeli', 'שקל', '₪'),
('TZS', 'ES', 'Shilling de Tanzania', 'Shilingi', '/'),
('UGX', 'ES', 'Shilling de Uganda', 'Shilling', 'U'),
('KES', 'ES', 'Shilling Kenya', 'Shilling', 'K'),
('SOS', 'ES', 'Shilling Somalí', 'Shilin', 'S'),
('KGS', 'ES', 'Som', 'сом', 'с'),
('TJS', 'ES', 'Somoni', 'Сомонӣ', 'С'),
('UZS', 'ES', 'Sum Uzbekistán', 'Сўм', 'с'),
('BDT', 'ES', 'Taka', 'টাকা', '৳'),
('WST', 'ES', 'Tala', 'Tālā', 'W'),
('KZT', 'ES', 'Tenge', 'Теңгесі', '〒'),
('MNT', 'ES', 'Tugrik', 'Төгрөг', '₮'),
('AED', 'ES', 'UAE Dirham', 'درهم', 'د'),
('VUV', 'ES', 'Vatu', 'Vatu', 'V'),
('KRW', 'ES', 'Won', '원', '₩'),
('KPW', 'ES', 'Won Nor-Coreano', '원', '₩'),
('JPY', 'ES', 'Yen Japonés', '日本円', '¥'),
('CNY', 'ES', 'Yuan Chino', '人民币', '¥'),
('PLN', 'ES', 'Zloty Polaco', 'Złoty', 'z');

-- --------------------------------------------------------

--
-- Estructura de tabla para la tabla `enlace`
--

CREATE TABLE `enlace` (
  `id` int(11) NOT NULL,
  `caption` text NOT NULL,
  `enlace` text NOT NULL,
  `estatus` int(2) NOT NULL
) ENGINE=InnoDB DEFAULT CHARSET=latin1;

-- --------------------------------------------------------

--
-- Estructura de tabla para la tabla `entrada`
--

CREATE TABLE `entrada` (
  `id` int(11) NOT NULL,
  `codigo` varchar(50) NOT NULL,
  `idTipo` int(2) NOT NULL,
  `titulo` varchar(250) NOT NULL,
  `entrada` text NOT NULL,
  `fecha` date NOT NULL,
  `destacado` int(2) NOT NULL,
  `slider` int(2) NOT NULL,
  `estatus` int(2) NOT NULL
) ENGINE=InnoDB DEFAULT CHARSET=latin1;

--
-- Volcado de datos para la tabla `entrada`
--

INSERT INTO `entrada` (`id`, `codigo`, `idTipo`, `titulo`, `entrada`, `fecha`, `destacado`, `slider`, `estatus`) VALUES
(1, 'sqJjMn7N', 1, 'Mi primera entrada de mi  blog', '<p>Mi primera entrada de mi&nbsp; blogMi primera entrada de mi&nbsp; blogMi primera entrada de mi&nbsp; blogMi primera entrada de mi&nbsp; blogMi primera entrada de mi&nbsp; blog<br></p>\n               \n                                            ', '2021-10-16', 1, 1, 1),
(2, 'XDqfMJQy', 1, 'Seguna entrega del material', '<p>Seguna entrega del materialSeguna entrega del materialSeguna entrega del materialSeguna entrega del materialSeguna entrega del material<br></p>\n               \n                                            ', '2021-10-21', 1, 1, 1);

-- --------------------------------------------------------

--
-- Estructura de tabla para la tabla `estado`
--

CREATE TABLE `estado` (
  `id` int(11) NOT NULL,
  `ubicacionpaisid` int(11) DEFAULT NULL,
  `estadonombre` varchar(255) COLLATE utf8_unicode_ci NOT NULL
) ENGINE=InnoDB DEFAULT CHARSET=utf8 COLLATE=utf8_unicode_ci;

--
-- Volcado de datos para la tabla `estado`
--

INSERT INTO `estado` (`id`, `ubicacionpaisid`, `estadonombre`) VALUES
(1, 3, 'Azerbaijan'),
(2, 3, 'Nargorni Karabakh'),
(3, 3, 'Nakhichevanskaya Region'),
(4, 4, 'Anguilla'),
(5, 7, 'Brestskaya obl.'),
(6, 7, 'Vitebskaya obl.'),
(7, 7, 'Gomelskaya obl.'),
(8, 7, 'Grodnenskaya obl.'),
(9, 7, 'Minskaya obl.'),
(10, 7, 'Mogilevskaya obl.'),
(11, 8, 'Belize'),
(12, 10, 'Hamilton'),
(13, 15, 'Dong Bang Song Cuu Long'),
(14, 15, 'Dong Bang Song Hong'),
(15, 15, 'Dong Nam Bo'),
(16, 15, 'Duyen Hai Mien Trung'),
(17, 15, 'Khu Bon Cu'),
(18, 15, 'Mien Nui Va Trung Du'),
(19, 15, 'Thai Nguyen'),
(20, 16, 'Artibonite'),
(21, 16, 'Grand&#039;Anse'),
(22, 16, 'North West'),
(23, 16, 'West'),
(24, 16, 'South'),
(25, 16, 'South East'),
(26, 17, 'Grande-Terre'),
(27, 17, 'Basse-Terre'),
(28, 21, 'Abkhazia'),
(29, 21, 'Ajaria'),
(30, 21, 'Georgia'),
(31, 21, 'South Ossetia'),
(32, 23, 'Al QÄhira'),
(33, 23, 'Aswan'),
(34, 23, 'Asyut'),
(35, 23, 'Beni Suef'),
(36, 23, 'Gharbia'),
(37, 23, 'Damietta'),
(38, 24, 'Southern District'),
(39, 24, 'Central District'),
(40, 24, 'Northern District'),
(41, 24, 'Haifa'),
(42, 24, 'Tel Aviv'),
(43, 24, 'Jerusalem'),
(44, 25, 'Bangala'),
(45, 25, 'Chhattisgarh'),
(46, 25, 'Karnataka'),
(47, 25, 'Uttaranchal'),
(48, 25, 'Andhara Pradesh'),
(49, 25, 'Assam'),
(50, 25, 'Bihar'),
(51, 25, 'Gujarat'),
(52, 25, 'Jammu and Kashmir'),
(53, 25, 'Kerala'),
(54, 25, 'Madhya Pradesh'),
(55, 25, 'Manipur'),
(56, 25, 'Maharashtra'),
(57, 25, 'Megahalaya'),
(58, 25, 'Orissa'),
(59, 25, 'Punjab'),
(60, 25, 'Pondisheri'),
(61, 25, 'Rajasthan'),
(62, 25, 'Tamil Nadu'),
(63, 25, 'Tripura'),
(64, 25, 'Uttar Pradesh'),
(65, 25, 'Haryana'),
(66, 25, 'Chandigarh'),
(67, 26, 'Azarbayjan-e Khavari'),
(68, 26, 'Esfahan'),
(69, 26, 'Hamadan'),
(70, 26, 'Kordestan'),
(71, 26, 'Markazi'),
(72, 26, 'Sistan-e Baluches'),
(73, 26, 'Yazd'),
(74, 26, 'Kerman'),
(75, 26, 'Kermanshakhan'),
(76, 26, 'Mazenderan'),
(77, 26, 'Tehran'),
(78, 26, 'Fars'),
(79, 26, 'Horasan'),
(80, 26, 'Husistan'),
(81, 30, 'Aktyubinskaya obl.'),
(82, 30, 'Alma-Atinskaya obl.'),
(83, 30, 'Vostochno-Kazahstanskaya obl.'),
(84, 30, 'Gurevskaya obl.'),
(85, 30, 'Zhambylskaya obl. (Dzhambulskaya obl.)'),
(86, 30, 'Dzhezkazganskaya obl.'),
(87, 30, 'Karagandinskaya obl.'),
(88, 30, 'Kzyl-Ordinskaya obl.'),
(89, 30, 'Kokchetavskaya obl.'),
(90, 30, 'Kustanaiskaya obl.'),
(91, 30, 'Mangystauskaya (Mangyshlakskaya obl.)'),
(92, 30, 'Pavlodarskaya obl.'),
(93, 30, 'Severo-Kazahstanskaya obl.'),
(94, 30, 'Taldy-Kurganskaya obl.'),
(95, 30, 'Turgaiskaya obl.'),
(96, 30, 'Akmolinskaya obl. (Tselinogradskaya obl.)'),
(97, 30, 'Chimkentskaya obl.'),
(98, 31, 'Littoral'),
(99, 31, 'Southwest Region'),
(100, 31, 'North'),
(101, 31, 'Central'),
(102, 33, 'Government controlled area'),
(103, 33, 'Turkish controlled area'),
(104, 34, 'Issik Kulskaya Region'),
(105, 34, 'Kyrgyzstan'),
(106, 34, 'Narinskaya Region'),
(107, 34, 'Oshskaya Region'),
(108, 34, 'Tallaskaya Region'),
(109, 37, 'al-Jahra'),
(110, 37, 'al-Kuwait'),
(111, 38, 'Latviya'),
(112, 39, 'Tarabulus'),
(113, 39, 'Bengasi'),
(114, 40, 'Litva'),
(115, 43, 'Moldova'),
(116, 45, 'Auckland'),
(117, 45, 'Bay of Plenty'),
(118, 45, 'Canterbury'),
(119, 45, 'Gisborne'),
(120, 45, 'Hawke&#039;s Bay'),
(121, 45, 'Manawatu-Wanganui'),
(122, 45, 'Marlborough'),
(123, 45, 'Nelson'),
(124, 45, 'Northland'),
(125, 45, 'Otago'),
(126, 45, 'Southland'),
(127, 45, 'Taranaki'),
(128, 45, 'Tasman'),
(129, 45, 'Waikato'),
(130, 45, 'Wellington'),
(131, 45, 'West Coast'),
(132, 49, 'Saint-Denis'),
(133, 50, 'Altaiskii krai'),
(134, 50, 'Amurskaya obl.'),
(135, 50, 'Arhangelskaya obl.'),
(136, 50, 'Astrahanskaya obl.'),
(137, 50, 'Bashkiriya obl.'),
(138, 50, 'Belgorodskaya obl.'),
(139, 50, 'Bryanskaya obl.'),
(140, 50, 'Buryatiya'),
(141, 50, 'Vladimirskaya obl.'),
(142, 50, 'Volgogradskaya obl.'),
(143, 50, 'Vologodskaya obl.'),
(144, 50, 'Voronezhskaya obl.'),
(145, 50, 'Nizhegorodskaya obl.'),
(146, 50, 'Dagestan'),
(147, 50, 'Evreiskaya obl.'),
(148, 50, 'Ivanovskaya obl.'),
(149, 50, 'Irkutskaya obl.'),
(150, 50, 'Kabardino-Balkariya'),
(151, 50, 'Kaliningradskaya obl.'),
(152, 50, 'Tverskaya obl.'),
(153, 50, 'Kalmykiya'),
(154, 50, 'Kaluzhskaya obl.'),
(155, 50, 'Kamchatskaya obl.'),
(156, 50, 'Kareliya'),
(157, 50, 'Kemerovskaya obl.'),
(158, 50, 'Kirovskaya obl.'),
(159, 50, 'Komi'),
(160, 50, 'Kostromskaya obl.'),
(161, 50, 'Krasnodarskii krai'),
(162, 50, 'Krasnoyarskii krai'),
(163, 50, 'Kurganskaya obl.'),
(164, 50, 'Kurskaya obl.'),
(165, 50, 'Lipetskaya obl.'),
(166, 50, 'Magadanskaya obl.'),
(167, 50, 'Marii El'),
(168, 50, 'Mordoviya'),
(169, 50, 'Moscow &amp; Moscow Region'),
(170, 50, 'Murmanskaya obl.'),
(171, 50, 'Novgorodskaya obl.'),
(172, 50, 'Novosibirskaya obl.'),
(173, 50, 'Omskaya obl.'),
(174, 50, 'Orenburgskaya obl.'),
(175, 50, 'Orlovskaya obl.'),
(176, 50, 'Penzenskaya obl.'),
(177, 50, 'Permskiy krai'),
(178, 50, 'Primorskii krai'),
(179, 50, 'Pskovskaya obl.'),
(180, 50, 'Rostovskaya obl.'),
(181, 50, 'Ryazanskaya obl.'),
(182, 50, 'Samarskaya obl.'),
(183, 50, 'Saint-Petersburg and Region'),
(184, 50, 'Saratovskaya obl.'),
(185, 50, 'Saha (Yakutiya)'),
(186, 50, 'Sahalin'),
(187, 50, 'Sverdlovskaya obl.'),
(188, 50, 'Severnaya Osetiya'),
(189, 50, 'Smolenskaya obl.'),
(190, 50, 'Stavropolskii krai'),
(191, 50, 'Tambovskaya obl.'),
(192, 50, 'Tatarstan'),
(193, 50, 'Tomskaya obl.'),
(195, 50, 'Tulskaya obl.'),
(196, 50, 'Tyumenskaya obl. i Hanty-Mansiiskii AO'),
(197, 50, 'Udmurtiya'),
(198, 50, 'Ulyanovskaya obl.'),
(199, 50, 'Uralskaya obl.'),
(200, 50, 'Habarovskii krai'),
(201, 50, 'Chelyabinskaya obl.'),
(202, 50, 'Checheno-Ingushetiya'),
(203, 50, 'Chitinskaya obl.'),
(204, 50, 'Chuvashiya'),
(205, 50, 'Yaroslavskaya obl.'),
(206, 51, 'Ahuachapán'),
(207, 51, 'Cuscatlán'),
(208, 51, 'La Libertad'),
(209, 51, 'La Paz'),
(210, 51, 'La Unión'),
(211, 51, 'San Miguel'),
(212, 51, 'San Salvador'),
(213, 51, 'Santa Ana'),
(214, 51, 'Sonsonate'),
(215, 54, 'Paramaribo'),
(216, 56, 'Gorno-Badakhshan Region'),
(217, 56, 'Kuljabsk Region'),
(218, 56, 'Kurgan-Tjube Region'),
(219, 56, 'Sughd Region'),
(220, 56, 'Tajikistan'),
(221, 57, 'Ashgabat Region'),
(222, 57, 'Krasnovodsk Region'),
(223, 57, 'Mary Region'),
(224, 57, 'Tashauz Region'),
(225, 57, 'Chardzhou Region'),
(226, 58, 'Grand Turk'),
(227, 59, 'Bartin'),
(228, 59, 'Bayburt'),
(229, 59, 'Karabuk'),
(230, 59, 'Adana'),
(231, 59, 'Aydin'),
(232, 59, 'Amasya'),
(233, 59, 'Ankara'),
(234, 59, 'Antalya'),
(235, 59, 'Artvin'),
(236, 59, 'Afion'),
(237, 59, 'Balikesir'),
(238, 59, 'Bilecik'),
(239, 59, 'Bursa'),
(240, 59, 'Gaziantep'),
(241, 59, 'Denizli'),
(242, 59, 'Izmir'),
(243, 59, 'Isparta'),
(244, 59, 'Icel'),
(245, 59, 'Kayseri'),
(246, 59, 'Kars'),
(247, 59, 'Kodjaeli'),
(248, 59, 'Konya'),
(249, 59, 'Kirklareli'),
(250, 59, 'Kutahya'),
(251, 59, 'Malatya'),
(252, 59, 'Manisa'),
(253, 59, 'Sakarya'),
(254, 59, 'Samsun'),
(255, 59, 'Sivas'),
(256, 59, 'Istanbul'),
(257, 59, 'Trabzon'),
(258, 59, 'Corum'),
(259, 59, 'Edirne'),
(260, 59, 'Elazig'),
(261, 59, 'Erzincan'),
(262, 59, 'Erzurum'),
(263, 59, 'Eskisehir'),
(264, 60, 'Jinja'),
(265, 60, 'Kampala'),
(266, 61, 'Andijon Region'),
(267, 61, 'Buxoro Region'),
(268, 61, 'Jizzac Region'),
(269, 61, 'Qaraqalpaqstan'),
(270, 61, 'Qashqadaryo Region'),
(271, 61, 'Navoiy Region'),
(272, 61, 'Namangan Region'),
(273, 61, 'Samarqand Region'),
(274, 61, 'Surxondaryo Region'),
(275, 61, 'Sirdaryo Region'),
(276, 61, 'Tashkent Region'),
(277, 61, 'Fergana Region'),
(278, 61, 'Xorazm Region'),
(279, 62, 'Vinnitskaya obl.'),
(280, 62, 'Volynskaya obl.'),
(281, 62, 'Dnepropetrovskaya obl.'),
(282, 62, 'Donetskaya obl.'),
(283, 62, 'Zhitomirskaya obl.'),
(284, 62, 'Zakarpatskaya obl.'),
(285, 62, 'Zaporozhskaya obl.'),
(286, 62, 'Ivano-Frankovskaya obl.'),
(287, 62, 'Kievskaya obl.'),
(288, 62, 'Kirovogradskaya obl.'),
(289, 62, 'Krymskaya obl.'),
(290, 62, 'Luganskaya obl.'),
(291, 62, 'Lvovskaya obl.'),
(292, 62, 'Nikolaevskaya obl.'),
(293, 62, 'Odesskaya obl.'),
(294, 62, 'Poltavskaya obl.'),
(295, 62, 'Rovenskaya obl.'),
(296, 62, 'Sumskaya obl.'),
(297, 62, 'Ternopolskaya obl.'),
(298, 62, 'Harkovskaya obl.'),
(299, 62, 'Hersonskaya obl.'),
(300, 62, 'Hmelnitskaya obl.'),
(301, 62, 'Cherkasskaya obl.'),
(302, 62, 'Chernigovskaya obl.'),
(303, 62, 'Chernovitskaya obl.'),
(304, 68, 'Estoniya'),
(305, 69, 'Cheju'),
(306, 69, 'Chollabuk'),
(307, 69, 'Chollanam'),
(308, 69, 'Chungcheongbuk'),
(309, 69, 'Chungcheongnam'),
(310, 69, 'Incheon'),
(311, 69, 'Kangweon'),
(312, 69, 'Kwangju'),
(313, 69, 'Kyeonggi'),
(314, 69, 'Kyeongsangbuk'),
(315, 69, 'Kyeongsangnam'),
(316, 69, 'Pusan'),
(317, 69, 'Seoul'),
(318, 69, 'Taegu'),
(319, 69, 'Taejeon'),
(320, 69, 'Ulsan'),
(321, 70, 'Aichi'),
(322, 70, 'Akita'),
(323, 70, 'Aomori'),
(324, 70, 'Wakayama'),
(325, 70, 'Gifu'),
(326, 70, 'Gunma'),
(327, 70, 'Ibaraki'),
(328, 70, 'Iwate'),
(329, 70, 'Ishikawa'),
(330, 70, 'Kagawa'),
(331, 70, 'Kagoshima'),
(332, 70, 'Kanagawa'),
(333, 70, 'Kyoto'),
(334, 70, 'Kochi'),
(335, 70, 'Kumamoto'),
(336, 70, 'Mie'),
(337, 70, 'Miyagi'),
(338, 70, 'Miyazaki'),
(339, 70, 'Nagano'),
(340, 70, 'Nagasaki'),
(341, 70, 'Nara'),
(342, 70, 'Niigata'),
(343, 70, 'Okayama'),
(344, 70, 'Okinawa'),
(345, 70, 'Osaka'),
(346, 70, 'Saga'),
(347, 70, 'Saitama'),
(348, 70, 'Shiga'),
(349, 70, 'Shizuoka'),
(350, 70, 'Shimane'),
(351, 70, 'Tiba'),
(352, 70, 'Tokyo'),
(353, 70, 'Tokushima'),
(354, 70, 'Tochigi'),
(355, 70, 'Tottori'),
(356, 70, 'Toyama'),
(357, 70, 'Fukui'),
(358, 70, 'Fukuoka'),
(359, 70, 'Fukushima'),
(360, 70, 'Hiroshima'),
(361, 70, 'Hokkaido'),
(362, 70, 'Hyogo'),
(363, 70, 'Yoshimi'),
(364, 70, 'Yamagata'),
(365, 70, 'Yamaguchi'),
(366, 70, 'Yamanashi'),
(368, 73, 'Hong Kong'),
(369, 74, 'Indonesia'),
(370, 75, 'Jordan'),
(371, 76, 'Malaysia'),
(372, 77, 'Singapore'),
(373, 78, 'Taiwan'),
(374, 30, 'Kazahstan'),
(375, 62, 'Ukraina'),
(376, 25, 'India'),
(377, 23, 'Egypt'),
(378, 106, 'Damascus'),
(379, 131, 'Isle of Man'),
(380, 30, 'Zapadno-Kazahstanskaya obl.'),
(381, 50, 'Adygeya'),
(382, 50, 'Hakasiya'),
(383, 93, 'Dubai'),
(384, 50, 'Chukotskii AO'),
(385, 99, 'Beirut'),
(386, 137, 'Tegucigalpa'),
(387, 138, 'Santo Domingo'),
(388, 139, 'Ulan Bator'),
(389, 23, 'Sinai'),
(390, 140, 'Baghdad'),
(391, 140, 'Basra'),
(392, 140, 'Mosul'),
(393, 141, 'Johannesburg'),
(394, 104, 'Morocco'),
(395, 104, 'Tangier'),
(396, 50, 'Yamalo-Nenetskii AO'),
(397, 122, 'Tunisia'),
(398, 92, 'Thailand'),
(399, 117, 'Mozambique'),
(400, 84, 'Korea'),
(401, 87, 'Pakistan'),
(402, 142, 'Aruba'),
(403, 80, 'Bahamas'),
(404, 69, 'South Korea'),
(405, 132, 'Jamaica'),
(406, 93, 'Sharjah'),
(407, 93, 'Abu Dhabi'),
(409, 24, 'Ramat Hagolan'),
(410, 115, 'Nigeria'),
(411, 64, 'Ain'),
(412, 64, 'Haute-Savoie'),
(413, 64, 'Aisne'),
(414, 64, 'Allier'),
(415, 64, 'Alpes-de-Haute-Provence'),
(416, 64, 'Hautes-Alpes'),
(417, 64, 'Alpes-Maritimes'),
(418, 64, 'Ard&egrave;che'),
(419, 64, 'Ardennes'),
(420, 64, 'Ari&egrave;ge'),
(421, 64, 'Aube'),
(422, 64, 'Aude'),
(423, 64, 'Aveyron'),
(424, 64, 'Bouches-du-Rh&ocirc;ne'),
(425, 64, 'Calvados'),
(426, 64, 'Cantal'),
(427, 64, 'Charente'),
(428, 64, 'Charente Maritime'),
(429, 64, 'Cher'),
(430, 64, 'Corr&egrave;ze'),
(431, 64, 'Dordogne'),
(432, 64, 'Corse'),
(433, 64, 'C&ocirc;te d&#039;Or'),
(434, 64, 'Sa&ocirc;ne et Loire'),
(435, 64, 'C&ocirc;tes d&#039;Armor'),
(436, 64, 'Creuse'),
(437, 64, 'Doubs'),
(438, 64, 'Dr&ocirc;me'),
(439, 64, 'Eure'),
(440, 64, 'Eure-et-Loire'),
(441, 64, 'Finist&egrave;re'),
(442, 64, 'Gard'),
(443, 64, 'Haute-Garonne'),
(444, 64, 'Gers'),
(445, 64, 'Gironde'),
(446, 64, 'Hérault'),
(447, 64, 'Ille et Vilaine'),
(448, 64, 'Indre'),
(449, 64, 'Indre-et-Loire'),
(450, 64, 'Isère'),
(451, 64, 'Jura'),
(452, 64, 'Landes'),
(453, 64, 'Loir-et-Cher'),
(454, 64, 'Loire'),
(455, 64, 'Rh&ocirc;ne'),
(456, 64, 'Haute-Loire'),
(457, 64, 'Loire Atlantique'),
(458, 64, 'Loiret'),
(459, 64, 'Lot'),
(460, 64, 'Lot-et-Garonne'),
(461, 64, 'Loz&egrave;re'),
(462, 64, 'Maine et Loire'),
(463, 64, 'Manche'),
(464, 64, 'Marne'),
(465, 64, 'Haute-Marne'),
(466, 64, 'Mayenne'),
(467, 64, 'Meurthe-et-Moselle'),
(468, 64, 'Meuse'),
(469, 64, 'Morbihan'),
(470, 64, 'Moselle'),
(471, 64, 'Ni&egrave;vre'),
(472, 64, 'Nord'),
(473, 64, 'Oise'),
(474, 64, 'Orne'),
(475, 64, 'Pas-de-Calais'),
(476, 64, 'Puy-de-D&ocirc;me'),
(477, 64, 'Pyrénées-Atlantiques'),
(478, 64, 'Hautes-Pyrénées'),
(479, 64, 'Pyrénées-Orientales'),
(480, 64, 'Bas Rhin'),
(481, 64, 'Haut Rhin'),
(482, 64, 'Haute-Sa&ocirc;ne'),
(483, 64, 'Sarthe'),
(484, 64, 'Savoie'),
(485, 64, 'Paris'),
(486, 64, 'Seine-Maritime'),
(487, 64, 'Seine-et-Marne'),
(488, 64, 'Yvelines'),
(489, 64, 'Deux-S&egrave;vres'),
(490, 64, 'Somme'),
(491, 64, 'Tarn'),
(492, 64, 'Tarn-et-Garonne'),
(493, 64, 'Var'),
(494, 64, 'Vaucluse'),
(495, 64, 'Vendée'),
(496, 64, 'Vienne'),
(497, 64, 'Haute-Vienne'),
(498, 64, 'Vosges'),
(499, 64, 'Yonne'),
(500, 64, 'Territoire de Belfort'),
(501, 64, 'Essonne'),
(502, 64, 'Hauts-de-Seine'),
(503, 64, 'Seine-Saint-Denis'),
(504, 64, 'Val-de-Marne'),
(505, 64, 'Val-d&#039;Oise'),
(506, 29, 'Piemonte - Torino'),
(507, 29, 'Piemonte - Alessandria'),
(508, 29, 'Piemonte - Asti'),
(509, 29, 'Piemonte - Biella'),
(510, 29, 'Piemonte - Cuneo'),
(511, 29, 'Piemonte - Novara'),
(512, 29, 'Piemonte - Verbania'),
(513, 29, 'Piemonte - Vercelli'),
(514, 29, 'Valle d&#039;Aosta - Aosta'),
(515, 29, 'Lombardia - Milano'),
(516, 29, 'Lombardia - Bergamo'),
(517, 29, 'Lombardia - Brescia'),
(518, 29, 'Lombardia - Como'),
(519, 29, 'Lombardia - Cremona'),
(520, 29, 'Lombardia - Lecco'),
(521, 29, 'Lombardia - Lodi'),
(522, 29, 'Lombardia - Mantova'),
(523, 29, 'Lombardia - Pavia'),
(524, 29, 'Lombardia - Sondrio'),
(525, 29, 'Lombardia - Varese'),
(526, 29, 'Trentino Alto Adige - Trento'),
(527, 29, 'Trentino Alto Adige - Bolzano'),
(528, 29, 'Veneto - Venezia'),
(529, 29, 'Veneto - Belluno'),
(530, 29, 'Veneto - Padova'),
(531, 29, 'Veneto - Rovigo'),
(532, 29, 'Veneto - Treviso'),
(533, 29, 'Veneto - Verona'),
(534, 29, 'Veneto - Vicenza'),
(535, 29, 'Friuli Venezia Giulia - Trieste'),
(536, 29, 'Friuli Venezia Giulia - Gorizia'),
(537, 29, 'Friuli Venezia Giulia - Pordenone'),
(538, 29, 'Friuli Venezia Giulia - Udine'),
(539, 29, 'Liguria - Genova'),
(540, 29, 'Liguria - Imperia'),
(541, 29, 'Liguria - La Spezia'),
(542, 29, 'Liguria - Savona'),
(543, 29, 'Emilia Romagna - Bologna'),
(544, 29, 'Emilia Romagna - Ferrara'),
(545, 29, 'Emilia Romagna - Forlì-Cesena'),
(546, 29, 'Emilia Romagna - Modena'),
(547, 29, 'Emilia Romagna - Parma'),
(548, 29, 'Emilia Romagna - Piacenza'),
(549, 29, 'Emilia Romagna - Ravenna'),
(550, 29, 'Emilia Romagna - Reggio Emilia'),
(551, 29, 'Emilia Romagna - Rimini'),
(552, 29, 'Toscana - Firenze'),
(553, 29, 'Toscana - Arezzo'),
(554, 29, 'Toscana - Grosseto'),
(555, 29, 'Toscana - Livorno'),
(556, 29, 'Toscana - Lucca'),
(557, 29, 'Toscana - Massa Carrara'),
(558, 29, 'Toscana - Pisa'),
(559, 29, 'Toscana - Pistoia'),
(560, 29, 'Toscana - Prato'),
(561, 29, 'Toscana - Siena'),
(562, 29, 'Umbria - Perugia'),
(563, 29, 'Umbria - Terni'),
(564, 29, 'Marche - Ancona'),
(565, 29, 'Marche - Ascoli Piceno'),
(566, 29, 'Marche - Macerata'),
(567, 29, 'Marche - Pesaro - Urbino'),
(568, 29, 'Lazio - Roma'),
(569, 29, 'Lazio - Frosinone'),
(570, 29, 'Lazio - Latina'),
(571, 29, 'Lazio - Rieti'),
(572, 29, 'Lazio - Viterbo'),
(573, 29, 'Abruzzo - L´Aquila'),
(574, 29, 'Abruzzo - Chieti'),
(575, 29, 'Abruzzo - Pescara'),
(576, 29, 'Abruzzo - Teramo'),
(577, 29, 'Molise - Campobasso'),
(578, 29, 'Molise - Isernia'),
(579, 29, 'Campania - Napoli'),
(580, 29, 'Campania - Avellino'),
(581, 29, 'Campania - Benevento'),
(582, 29, 'Campania - Caserta'),
(583, 29, 'Campania - Salerno'),
(584, 29, 'Puglia - Bari'),
(585, 29, 'Puglia - Brindisi'),
(586, 29, 'Puglia - Foggia'),
(587, 29, 'Puglia - Lecce'),
(588, 29, 'Puglia - Taranto'),
(589, 29, 'Basilicata - Potenza'),
(590, 29, 'Basilicata - Matera'),
(591, 29, 'Calabria - Catanzaro'),
(592, 29, 'Calabria - Cosenza'),
(593, 29, 'Calabria - Crotone'),
(594, 29, 'Calabria - Reggio Calabria'),
(595, 29, 'Calabria - Vibo Valentia'),
(596, 29, 'Sicilia - Palermo'),
(597, 29, 'Sicilia - Agrigento'),
(598, 29, 'Sicilia - Caltanissetta'),
(599, 29, 'Sicilia - Catania'),
(600, 29, 'Sicilia - Enna'),
(601, 29, 'Sicilia - Messina'),
(602, 29, 'Sicilia - Ragusa'),
(603, 29, 'Sicilia - Siracusa'),
(604, 29, 'Sicilia - Trapani'),
(605, 29, 'Sardegna - Cagliari'),
(606, 29, 'Sardegna - Nuoro'),
(607, 29, 'Sardegna - Oristano'),
(608, 29, 'Sardegna - Sassari'),
(609, 28, 'Las Palmas'),
(610, 28, 'Soria'),
(611, 28, 'Palencia'),
(612, 28, 'Zamora'),
(613, 28, 'Cádiz'),
(614, 28, 'Navarra'),
(615, 28, 'Ourense'),
(616, 28, 'Segovia'),
(617, 28, 'Guip&uacute;zcoa'),
(618, 28, 'Ciudad Real'),
(619, 28, 'Vizcaya'),
(620, 28, 'álava'),
(621, 28, 'A Coruña'),
(622, 28, 'Cantabria'),
(623, 28, 'Almería'),
(624, 28, 'Zaragoza'),
(625, 28, 'Santa Cruz de Tenerife'),
(626, 28, 'Cáceres'),
(627, 28, 'Guadalajara'),
(628, 28, 'ávila'),
(629, 28, 'Toledo'),
(630, 28, 'Castellón'),
(631, 28, 'Tarragona'),
(632, 28, 'Lugo'),
(633, 28, 'La Rioja'),
(634, 28, 'Ceuta'),
(635, 28, 'Murcia'),
(636, 28, 'Salamanca'),
(637, 28, 'Valladolid'),
(638, 28, 'Jaén'),
(639, 28, 'Girona'),
(640, 28, 'Granada'),
(641, 28, 'Alacant'),
(642, 28, 'Córdoba'),
(643, 28, 'Albacete'),
(644, 28, 'Cuenca'),
(645, 28, 'Pontevedra'),
(646, 28, 'Teruel'),
(647, 28, 'Melilla'),
(648, 28, 'Barcelona'),
(649, 28, 'Badajoz'),
(650, 28, 'Madrid'),
(651, 28, 'Sevilla'),
(652, 28, 'Val&egrave;ncia'),
(653, 28, 'Huelva'),
(654, 28, 'Lleida'),
(655, 28, 'León'),
(656, 28, 'Illes Balears'),
(657, 28, 'Burgos'),
(658, 28, 'Huesca'),
(659, 28, 'Asturias'),
(660, 28, 'Málaga'),
(661, 144, 'Afghanistan'),
(662, 210, 'Niger'),
(663, 133, 'Mali'),
(664, 156, 'Burkina Faso'),
(665, 136, 'Togo'),
(666, 151, 'Benin'),
(667, 119, 'Angola'),
(668, 102, 'Namibia'),
(669, 100, 'Botswana'),
(670, 134, 'Madagascar'),
(671, 202, 'Mauritius'),
(672, 196, 'Laos'),
(673, 158, 'Cambodia'),
(674, 90, 'Philippines'),
(675, 88, 'Papua New Guinea'),
(676, 228, 'Solomon Islands'),
(677, 240, 'Vanuatu'),
(678, 176, 'Fiji'),
(679, 223, 'Samoa'),
(680, 206, 'Nauru'),
(681, 168, 'Cote D&#039;Ivoire'),
(682, 198, 'Liberia'),
(683, 187, 'Guinea'),
(684, 189, 'Guyana'),
(685, 98, 'Algeria'),
(686, 147, 'Antigua and Barbuda'),
(687, 127, 'Bahrain'),
(688, 149, 'Bangladesh'),
(689, 128, 'Barbados'),
(690, 152, 'Bhutan'),
(691, 155, 'Brunei'),
(692, 157, 'Burundi'),
(693, 159, 'Cape Verde'),
(694, 130, 'Chad'),
(695, 164, 'Comoros'),
(696, 112, 'Congo (Brazzaville)'),
(697, 169, 'Djibouti'),
(698, 171, 'East Timor'),
(699, 173, 'Eritrea'),
(700, 121, 'Ethiopia'),
(701, 180, 'Gabon'),
(702, 181, 'Gambia'),
(703, 105, 'Ghana'),
(704, 197, 'Lesotho'),
(705, 125, 'Malawi'),
(706, 200, 'Maldives'),
(707, 205, 'Myanmar (Burma)'),
(708, 107, 'Nepal'),
(709, 213, 'Oman'),
(710, 217, 'Rwanda'),
(711, 91, 'Saudi Arabia'),
(712, 120, 'Sri Lanka'),
(713, 232, 'Sudan'),
(714, 234, 'Swaziland'),
(715, 101, 'Tanzania'),
(716, 236, 'Tonga'),
(717, 239, 'Tuvalu'),
(718, 242, 'Western Sahara'),
(719, 243, 'Yemen'),
(720, 116, 'Zambia'),
(721, 96, 'Zimbabwe'),
(722, 66, 'Aargau'),
(723, 66, 'Appenzell Innerrhoden'),
(724, 66, 'Appenzell Ausserrhoden'),
(725, 66, 'Bern'),
(726, 66, 'Basel-Landschaft'),
(727, 66, 'Basel-Stadt'),
(728, 66, 'Fribourg'),
(729, 66, 'Gen&egrave;ve'),
(730, 66, 'Glarus'),
(731, 66, 'Graubünden'),
(732, 66, 'Jura'),
(733, 66, 'Luzern'),
(734, 66, 'Neuch&acirc;tel'),
(735, 66, 'Nidwalden'),
(736, 66, 'Obwalden'),
(737, 66, 'Sankt Gallen'),
(738, 66, 'Schaffhausen'),
(739, 66, 'Solothurn'),
(740, 66, 'Schwyz'),
(741, 66, 'Thurgau'),
(742, 66, 'Ticino'),
(743, 66, 'Uri'),
(744, 66, 'Vaud'),
(745, 66, 'Valais'),
(746, 66, 'Zug'),
(747, 66, 'Zürich'),
(749, 48, 'Aveiro'),
(750, 48, 'Beja'),
(751, 48, 'Braga'),
(752, 48, 'Braganca'),
(753, 48, 'Castelo Branco'),
(754, 48, 'Coimbra'),
(755, 48, 'Evora'),
(756, 48, 'Faro'),
(757, 48, 'Madeira'),
(758, 48, 'Guarda'),
(759, 48, 'Leiria'),
(760, 48, 'Lisboa'),
(761, 48, 'Portalegre'),
(762, 48, 'Porto'),
(763, 48, 'Santarem'),
(764, 48, 'Setubal'),
(765, 48, 'Viana do Castelo'),
(766, 48, 'Vila Real'),
(767, 48, 'Viseu'),
(768, 48, 'Azores'),
(769, 55, 'Armed Forces Americas'),
(770, 55, 'Armed Forces Europe'),
(771, 55, 'Alaska'),
(772, 55, 'Alabama'),
(773, 55, 'Armed Forces Pacific'),
(774, 55, 'Arkansas'),
(775, 55, 'American Samoa'),
(776, 55, 'Arizona'),
(777, 55, 'California'),
(778, 55, 'Colorado'),
(779, 55, 'Connecticut'),
(780, 55, 'District of Columbia'),
(781, 55, 'Delaware'),
(782, 55, 'Florida'),
(783, 55, 'Federated States of Micronesia'),
(784, 55, 'Georgia'),
(786, 55, 'Hawaii'),
(787, 55, 'Iowa'),
(788, 55, 'Idaho'),
(789, 55, 'Illinois'),
(790, 55, 'Indiana'),
(791, 55, 'Kansas'),
(792, 55, 'Kentucky'),
(793, 55, 'Louisiana'),
(794, 55, 'Massachusetts'),
(795, 55, 'Maryland'),
(796, 55, 'Maine'),
(797, 55, 'Marshall Islands'),
(798, 55, 'Michigan'),
(799, 55, 'Minnesota'),
(800, 55, 'Missouri'),
(801, 55, 'Northern Mariana Islands'),
(802, 55, 'Mississippi'),
(803, 55, 'Montana'),
(804, 55, 'North Carolina'),
(805, 55, 'North Dakota'),
(806, 55, 'Nebraska'),
(807, 55, 'New Hampshire'),
(808, 55, 'New Jersey'),
(809, 55, 'New Mexico'),
(810, 55, 'Nevada'),
(811, 55, 'New York'),
(812, 55, 'Ohio'),
(813, 55, 'Oklahoma'),
(814, 55, 'Oregon'),
(815, 55, 'Pennsylvania'),
(816, 246, 'Puerto Rico'),
(817, 55, 'Palau'),
(818, 55, 'Rhode Island'),
(819, 55, 'South Carolina'),
(820, 55, 'South Dakota'),
(821, 55, 'Tennessee'),
(822, 55, 'Texas'),
(823, 55, 'Utah'),
(824, 55, 'Virginia'),
(825, 55, 'Virgin Islands'),
(826, 55, 'Vermont'),
(827, 55, 'Washington'),
(828, 55, 'West Virginia'),
(829, 55, 'Wisconsin'),
(830, 55, 'Wyoming'),
(831, 94, 'Greenland'),
(832, 18, 'Brandenburg'),
(833, 18, 'Baden-Württemberg'),
(834, 18, 'Bayern'),
(835, 18, 'Hessen'),
(836, 18, 'Hamburg'),
(837, 18, 'Mecklenburg-Vorpommern'),
(838, 18, 'Niedersachsen'),
(839, 18, 'Nordrhein-Westfalen'),
(840, 18, 'Rheinland-Pfalz'),
(841, 18, 'Schleswig-Holstein'),
(842, 18, 'Sachsen'),
(843, 18, 'Sachsen-Anhalt'),
(844, 18, 'Thüringen'),
(845, 18, 'Berlin'),
(846, 18, 'Bremen'),
(847, 18, 'Saarland'),
(848, 13, 'Scotland North'),
(849, 13, 'England - East'),
(850, 13, 'England - West Midlands'),
(851, 13, 'England - South West'),
(852, 13, 'England - North West'),
(853, 13, 'England - Yorks &amp; Humber'),
(854, 13, 'England - South East'),
(855, 13, 'England - London'),
(856, 13, 'Northern Ireland'),
(857, 13, 'England - North East'),
(858, 13, 'Wales South'),
(859, 13, 'Wales North'),
(860, 13, 'England - East Midlands'),
(861, 13, 'Scotland Central'),
(862, 13, 'Scotland South'),
(863, 13, 'Channel Islands'),
(864, 13, 'Isle of Man'),
(865, 2, 'Burgenland'),
(866, 2, 'Kärnten'),
(867, 2, 'Niederösterreich'),
(868, 2, 'Oberösterreich'),
(869, 2, 'Salzburg'),
(870, 2, 'Steiermark'),
(871, 2, 'Tirol'),
(872, 2, 'Vorarlberg'),
(873, 2, 'Wien'),
(874, 9, 'Bruxelles'),
(875, 9, 'West-Vlaanderen'),
(876, 9, 'Oost-Vlaanderen'),
(877, 9, 'Limburg'),
(878, 9, 'Vlaams Brabant'),
(879, 9, 'Antwerpen'),
(880, 9, 'LiÄge'),
(881, 9, 'Namur'),
(882, 9, 'Hainaut'),
(883, 9, 'Luxembourg'),
(884, 9, 'Brabant Wallon'),
(887, 67, 'Blekinge Lan'),
(888, 67, 'Gavleborgs Lan'),
(890, 67, 'Gotlands Lan'),
(891, 67, 'Hallands Lan'),
(892, 67, 'Jamtlands Lan'),
(893, 67, 'Jonkopings Lan'),
(894, 67, 'Kalmar Lan'),
(895, 67, 'Dalarnas Lan'),
(897, 67, 'Kronobergs Lan'),
(899, 67, 'Norrbottens Lan'),
(900, 67, 'Orebro Lan'),
(901, 67, 'Ostergotlands Lan'),
(903, 67, 'Sodermanlands Lan'),
(904, 67, 'Uppsala Lan'),
(905, 67, 'Varmlands Lan'),
(906, 67, 'Vasterbottens Lan'),
(907, 67, 'Vasternorrlands Lan'),
(908, 67, 'Vastmanlands Lan'),
(909, 67, 'Stockholms Lan'),
(910, 67, 'Skane Lan'),
(911, 67, 'Vastra Gotaland'),
(913, 46, 'Akershus'),
(914, 46, 'Aust-Agder'),
(915, 46, 'Buskerud'),
(916, 46, 'Finnmark'),
(917, 46, 'Hedmark'),
(918, 46, 'Hordaland'),
(919, 46, 'More og Romsdal'),
(920, 46, 'Nordland'),
(921, 46, 'Nord-Trondelag'),
(922, 46, 'Oppland'),
(923, 46, 'Oslo'),
(924, 46, 'Ostfold'),
(925, 46, 'Rogaland'),
(926, 46, 'Sogn og Fjordane'),
(927, 46, 'Sor-Trondelag'),
(928, 46, 'Telemark'),
(929, 46, 'Troms'),
(930, 46, 'Vest-Agder'),
(931, 46, 'Vestfold'),
(933, 63, '&ETH;&bull;land'),
(934, 63, 'Lapland'),
(935, 63, 'Oulu'),
(936, 63, 'Southern Finland'),
(937, 63, 'Eastern Finland'),
(938, 63, 'Western Finland'),
(940, 22, 'Arhus'),
(941, 22, 'Bornholm'),
(942, 22, 'Frederiksborg'),
(943, 22, 'Fyn'),
(944, 22, 'Kobenhavn'),
(945, 22, 'Staden Kobenhavn'),
(946, 22, 'Nordjylland'),
(947, 22, 'Ribe'),
(948, 22, 'Ringkobing'),
(949, 22, 'Roskilde'),
(950, 22, 'Sonderjylland'),
(951, 22, 'Storstrom'),
(952, 22, 'Vejle'),
(953, 22, 'Vestsjalland'),
(954, 22, 'Viborg'),
(956, 65, 'Hlavni Mesto Praha'),
(957, 65, 'Jihomoravsky Kraj'),
(958, 65, 'Jihocesky Kraj'),
(959, 65, 'Vysocina'),
(960, 65, 'Karlovarsky Kraj'),
(961, 65, 'Kralovehradecky Kraj'),
(962, 65, 'Liberecky Kraj'),
(963, 65, 'Olomoucky Kraj'),
(964, 65, 'Moravskoslezsky Kraj'),
(965, 65, 'Pardubicky Kraj'),
(966, 65, 'Plzensky Kraj'),
(967, 65, 'Stredocesky Kraj'),
(968, 65, 'Ustecky Kraj'),
(969, 65, 'Zlinsky Kraj'),
(971, 114, 'Berat'),
(972, 114, 'Diber'),
(973, 114, 'Durres'),
(974, 114, 'Elbasan'),
(975, 114, 'Fier'),
(976, 114, 'Gjirokaster'),
(977, 114, 'Korce'),
(978, 114, 'Kukes'),
(979, 114, 'Lezhe'),
(980, 114, 'Shkoder'),
(981, 114, 'Tirane'),
(982, 114, 'Vlore'),
(984, 145, 'Canillo'),
(985, 145, 'Encamp'),
(986, 145, 'La Massana'),
(987, 145, 'Ordino'),
(988, 145, 'Sant Julia de Loria'),
(989, 145, 'Andorra la Vella'),
(990, 145, 'Escaldes-Engordany'),
(992, 6, 'Aragatsotn'),
(993, 6, 'Ararat'),
(994, 6, 'Armavir'),
(995, 6, 'Geghark&#039;unik&#039;'),
(996, 6, 'Kotayk&#039;'),
(997, 6, 'Lorri'),
(998, 6, 'Shirak'),
(999, 6, 'Syunik&#039;'),
(1000, 6, 'Tavush'),
(1001, 6, 'Vayots&#039; Dzor'),
(1002, 6, 'Yerevan'),
(1004, 79, 'Federation of Bosnia and Herzegovina'),
(1005, 79, 'Republika Srpska'),
(1007, 11, 'Mikhaylovgrad'),
(1008, 11, 'Blagoevgrad'),
(1009, 11, 'Burgas'),
(1010, 11, 'Dobrich'),
(1011, 11, 'Gabrovo'),
(1012, 11, 'Grad Sofiya'),
(1013, 11, 'Khaskovo'),
(1014, 11, 'Kurdzhali'),
(1015, 11, 'Kyustendil'),
(1016, 11, 'Lovech'),
(1017, 11, 'Montana'),
(1018, 11, 'Pazardzhik'),
(1019, 11, 'Pernik'),
(1020, 11, 'Pleven'),
(1021, 11, 'Plovdiv'),
(1022, 11, 'Razgrad'),
(1023, 11, 'Ruse'),
(1024, 11, 'Shumen'),
(1025, 11, 'Silistra'),
(1026, 11, 'Sliven'),
(1027, 11, 'Smolyan'),
(1028, 11, 'Sofiya'),
(1029, 11, 'Stara Zagora'),
(1030, 11, 'Turgovishte'),
(1031, 11, 'Varna'),
(1032, 11, 'Veliko Turnovo'),
(1033, 11, 'Vidin'),
(1034, 11, 'Vratsa'),
(1035, 11, 'Yambol'),
(1037, 71, 'Bjelovarsko-Bilogorska'),
(1038, 71, 'Brodsko-Posavska'),
(1039, 71, 'Dubrovacko-Neretvanska'),
(1040, 71, 'Istarska'),
(1041, 71, 'Karlovacka'),
(1042, 71, 'Koprivnicko-Krizevacka'),
(1043, 71, 'Krapinsko-Zagorska'),
(1044, 71, 'Licko-Senjska'),
(1045, 71, 'Medimurska'),
(1046, 71, 'Osjecko-Baranjska'),
(1047, 71, 'Pozesko-Slavonska'),
(1048, 71, 'Primorsko-Goranska'),
(1049, 71, 'Sibensko-Kninska'),
(1050, 71, 'Sisacko-Moslavacka'),
(1051, 71, 'Splitsko-Dalmatinska'),
(1052, 71, 'Varazdinska'),
(1053, 71, 'Viroviticko-Podravska'),
(1054, 71, 'Vukovarsko-Srijemska'),
(1055, 71, 'Zadarska'),
(1056, 71, 'Zagrebacka'),
(1057, 71, 'Grad Zagreb'),
(1059, 143, 'Gibraltar'),
(1060, 20, 'Evros'),
(1061, 20, 'Rodhopi'),
(1062, 20, 'Xanthi'),
(1063, 20, 'Drama'),
(1064, 20, 'Serrai'),
(1065, 20, 'Kilkis'),
(1066, 20, 'Pella'),
(1067, 20, 'Florina'),
(1068, 20, 'Kastoria'),
(1069, 20, 'Grevena'),
(1070, 20, 'Kozani'),
(1071, 20, 'Imathia'),
(1072, 20, 'Thessaloniki'),
(1073, 20, 'Kavala'),
(1074, 20, 'Khalkidhiki'),
(1075, 20, 'Pieria'),
(1076, 20, 'Ioannina'),
(1077, 20, 'Thesprotia'),
(1078, 20, 'Preveza'),
(1079, 20, 'Arta'),
(1080, 20, 'Larisa'),
(1081, 20, 'Trikala'),
(1082, 20, 'Kardhitsa'),
(1083, 20, 'Magnisia'),
(1084, 20, 'Kerkira'),
(1085, 20, 'Levkas'),
(1086, 20, 'Kefallinia'),
(1087, 20, 'Zakinthos'),
(1088, 20, 'Fthiotis'),
(1089, 20, 'Evritania'),
(1090, 20, 'Aitolia kai Akarnania'),
(1091, 20, 'Fokis'),
(1092, 20, 'Voiotia'),
(1093, 20, 'Evvoia'),
(1094, 20, 'Attiki'),
(1095, 20, 'Argolis'),
(1096, 20, 'Korinthia'),
(1097, 20, 'Akhaia'),
(1098, 20, 'Ilia'),
(1099, 20, 'Messinia'),
(1100, 20, 'Arkadhia'),
(1101, 20, 'Lakonia'),
(1102, 20, 'Khania'),
(1103, 20, 'Rethimni'),
(1104, 20, 'Iraklion'),
(1105, 20, 'Lasithi'),
(1106, 20, 'Dhodhekanisos'),
(1107, 20, 'Samos'),
(1108, 20, 'Kikladhes'),
(1109, 20, 'Khios'),
(1110, 20, 'Lesvos'),
(1112, 14, 'Bacs-Kiskun'),
(1113, 14, 'Baranya'),
(1114, 14, 'Bekes'),
(1115, 14, 'Borsod-Abauj-Zemplen'),
(1116, 14, 'Budapest'),
(1117, 14, 'Csongrad'),
(1118, 14, 'Debrecen'),
(1119, 14, 'Fejer'),
(1120, 14, 'Gyor-Moson-Sopron'),
(1121, 14, 'Hajdu-Bihar'),
(1122, 14, 'Heves'),
(1123, 14, 'Komarom-Esztergom'),
(1124, 14, 'Miskolc'),
(1125, 14, 'Nograd'),
(1126, 14, 'Pecs'),
(1127, 14, 'Pest'),
(1128, 14, 'Somogy'),
(1129, 14, 'Szabolcs-Szatmar-Bereg'),
(1130, 14, 'Szeged'),
(1131, 14, 'Jasz-Nagykun-Szolnok'),
(1132, 14, 'Tolna'),
(1133, 14, 'Vas'),
(1134, 14, 'Veszprem'),
(1135, 14, 'Zala'),
(1136, 14, 'Gyor'),
(1150, 14, 'Veszprem'),
(1152, 126, 'Balzers'),
(1153, 126, 'Eschen'),
(1154, 126, 'Gamprin'),
(1155, 126, 'Mauren'),
(1156, 126, 'Planken'),
(1157, 126, 'Ruggell'),
(1158, 126, 'Schaan'),
(1159, 126, 'Schellenberg'),
(1160, 126, 'Triesen'),
(1161, 126, 'Triesenberg'),
(1162, 126, 'Vaduz'),
(1163, 41, 'Diekirch'),
(1164, 41, 'Grevenmacher'),
(1165, 41, 'Luxembourg'),
(1167, 85, 'Aracinovo'),
(1168, 85, 'Bac'),
(1169, 85, 'Belcista'),
(1170, 85, 'Berovo'),
(1171, 85, 'Bistrica'),
(1172, 85, 'Bitola'),
(1173, 85, 'Blatec'),
(1174, 85, 'Bogdanci'),
(1175, 85, 'Bogomila'),
(1176, 85, 'Bogovinje'),
(1177, 85, 'Bosilovo'),
(1179, 85, 'Cair'),
(1180, 85, 'Capari'),
(1181, 85, 'Caska'),
(1182, 85, 'Cegrane'),
(1184, 85, 'Centar Zupa'),
(1187, 85, 'Debar'),
(1188, 85, 'Delcevo'),
(1190, 85, 'Demir Hisar'),
(1191, 85, 'Demir Kapija'),
(1195, 85, 'Dorce Petrov'),
(1198, 85, 'Gazi Baba'),
(1199, 85, 'Gevgelija'),
(1200, 85, 'Gostivar'),
(1201, 85, 'Gradsko'),
(1204, 85, 'Jegunovce'),
(1205, 85, 'Kamenjane'),
(1207, 85, 'Karpos'),
(1208, 85, 'Kavadarci'),
(1209, 85, 'Kicevo'),
(1210, 85, 'Kisela Voda'),
(1211, 85, 'Klecevce'),
(1212, 85, 'Kocani'),
(1214, 85, 'Kondovo'),
(1217, 85, 'Kratovo'),
(1219, 85, 'Krivogastani'),
(1220, 85, 'Krusevo'),
(1223, 85, 'Kumanovo'),
(1224, 85, 'Labunista'),
(1225, 85, 'Lipkovo'),
(1228, 85, 'Makedonska Kamenica'),
(1229, 85, 'Makedonski Brod'),
(1234, 85, 'Murtino'),
(1235, 85, 'Negotino'),
(1238, 85, 'Novo Selo'),
(1240, 85, 'Ohrid'),
(1242, 85, 'Orizari'),
(1245, 85, 'Petrovec'),
(1248, 85, 'Prilep'),
(1249, 85, 'Probistip'),
(1250, 85, 'Radovis'),
(1252, 85, 'Resen'),
(1253, 85, 'Rosoman'),
(1256, 85, 'Saraj'),
(1260, 85, 'Srbinovo'),
(1262, 85, 'Star Dojran'),
(1264, 85, 'Stip'),
(1265, 85, 'Struga'),
(1266, 85, 'Strumica'),
(1267, 85, 'Studenicani'),
(1268, 85, 'Suto Orizari'),
(1269, 85, 'Sveti Nikole'),
(1270, 85, 'Tearce'),
(1271, 85, 'Tetovo'),
(1273, 85, 'Valandovo'),
(1275, 85, 'Veles'),
(1277, 85, 'Vevcani'),
(1278, 85, 'Vinica'),
(1281, 85, 'Vrapciste'),
(1286, 85, 'Zelino'),
(1289, 85, 'Zrnovci'),
(1291, 86, 'Malta'),
(1292, 44, 'La Condamine'),
(1293, 44, 'Monaco'),
(1294, 44, 'Monte-Carlo'),
(1295, 47, 'Biala Podlaska'),
(1296, 47, 'Bialystok'),
(1297, 47, 'Bielsko'),
(1298, 47, 'Bydgoszcz'),
(1299, 47, 'Chelm'),
(1300, 47, 'Ciechanow'),
(1301, 47, 'Czestochowa'),
(1302, 47, 'Elblag'),
(1303, 47, 'Gdansk'),
(1304, 47, 'Gorzow'),
(1305, 47, 'Jelenia Gora'),
(1306, 47, 'Kalisz'),
(1307, 47, 'Katowice'),
(1308, 47, 'Kielce'),
(1309, 47, 'Konin'),
(1310, 47, 'Koszalin'),
(1311, 47, 'Krakow'),
(1312, 47, 'Krosno'),
(1313, 47, 'Legnica'),
(1314, 47, 'Leszno'),
(1315, 47, 'Lodz'),
(1316, 47, 'Lomza'),
(1317, 47, 'Lublin'),
(1318, 47, 'Nowy Sacz'),
(1319, 47, 'Olsztyn'),
(1320, 47, 'Opole'),
(1321, 47, 'Ostroleka'),
(1322, 47, 'Pila'),
(1323, 47, 'Piotrkow'),
(1324, 47, 'Plock'),
(1325, 47, 'Poznan'),
(1326, 47, 'Przemysl'),
(1327, 47, 'Radom'),
(1328, 47, 'Rzeszow'),
(1329, 47, 'Siedlce'),
(1330, 47, 'Sieradz'),
(1331, 47, 'Skierniewice'),
(1332, 47, 'Slupsk'),
(1333, 47, 'Suwalki'),
(1335, 47, 'Tarnobrzeg'),
(1336, 47, 'Tarnow'),
(1337, 47, 'Torun'),
(1338, 47, 'Walbrzych'),
(1339, 47, 'Warszawa'),
(1340, 47, 'Wloclawek'),
(1341, 47, 'Wroclaw'),
(1342, 47, 'Zamosc'),
(1343, 47, 'Zielona Gora'),
(1344, 47, 'Dolnoslaskie'),
(1345, 47, 'Kujawsko-Pomorskie'),
(1346, 47, 'Lodzkie'),
(1347, 47, 'Lubelskie'),
(1348, 47, 'Lubuskie'),
(1349, 47, 'Malopolskie'),
(1350, 47, 'Mazowieckie'),
(1351, 47, 'Opolskie'),
(1352, 47, 'Podkarpackie'),
(1353, 47, 'Podlaskie'),
(1354, 47, 'Pomorskie'),
(1355, 47, 'Slaskie'),
(1356, 47, 'Swietokrzyskie'),
(1357, 47, 'Warminsko-Mazurskie'),
(1358, 47, 'Wielkopolskie'),
(1359, 47, 'Zachodniopomorskie'),
(1361, 72, 'Alba'),
(1362, 72, 'Arad'),
(1363, 72, 'Arges'),
(1364, 72, 'Bacau'),
(1365, 72, 'Bihor'),
(1366, 72, 'Bistrita-Nasaud'),
(1367, 72, 'Botosani'),
(1368, 72, 'Braila'),
(1369, 72, 'Brasov'),
(1370, 72, 'Bucuresti'),
(1371, 72, 'Buzau'),
(1372, 72, 'Caras-Severin'),
(1373, 72, 'Cluj'),
(1374, 72, 'Constanta'),
(1375, 72, 'Covasna'),
(1376, 72, 'Dambovita'),
(1377, 72, 'Dolj'),
(1378, 72, 'Galati'),
(1379, 72, 'Gorj'),
(1380, 72, 'Harghita'),
(1381, 72, 'Hunedoara'),
(1382, 72, 'Ialomita'),
(1383, 72, 'Iasi'),
(1384, 72, 'Maramures'),
(1385, 72, 'Mehedinti'),
(1386, 72, 'Mures'),
(1387, 72, 'Neamt'),
(1388, 72, 'Olt'),
(1389, 72, 'Prahova'),
(1390, 72, 'Salaj'),
(1391, 72, 'Satu Mare'),
(1392, 72, 'Sibiu'),
(1393, 72, 'Suceava'),
(1394, 72, 'Teleorman'),
(1395, 72, 'Timis'),
(1396, 72, 'Tulcea'),
(1397, 72, 'Vaslui'),
(1398, 72, 'Valcea'),
(1399, 72, 'Vrancea'),
(1400, 72, 'Calarasi'),
(1401, 72, 'Giurgiu'),
(1404, 224, 'Acquaviva'),
(1405, 224, 'Chiesanuova'),
(1406, 224, 'Domagnano'),
(1407, 224, 'Faetano'),
(1408, 224, 'Fiorentino'),
(1409, 224, 'Borgo Maggiore'),
(1410, 224, 'San Marino'),
(1411, 224, 'Monte Giardino'),
(1412, 224, 'Serravalle'),
(1413, 52, 'Banska Bystrica'),
(1414, 52, 'Bratislava'),
(1415, 52, 'Kosice'),
(1416, 52, 'Nitra'),
(1417, 52, 'Presov'),
(1418, 52, 'Trencin'),
(1419, 52, 'Trnava'),
(1420, 52, 'Zilina'),
(1423, 53, 'Beltinci'),
(1425, 53, 'Bohinj'),
(1426, 53, 'Borovnica'),
(1427, 53, 'Bovec'),
(1428, 53, 'Brda'),
(1429, 53, 'Brezice'),
(1430, 53, 'Brezovica'),
(1432, 53, 'Cerklje na Gorenjskem'),
(1434, 53, 'Cerkno'),
(1436, 53, 'Crna na Koroskem'),
(1437, 53, 'Crnomelj'),
(1438, 53, 'Divaca'),
(1439, 53, 'Dobrepolje'),
(1440, 53, 'Dol pri Ljubljani'),
(1443, 53, 'Duplek'),
(1447, 53, 'Gornji Grad'),
(1450, 53, 'Hrastnik'),
(1451, 53, 'Hrpelje-Kozina'),
(1452, 53, 'Idrija'),
(1453, 53, 'Ig'),
(1454, 53, 'Ilirska Bistrica'),
(1455, 53, 'Ivancna Gorica'),
(1462, 53, 'Komen'),
(1463, 53, 'Koper-Capodistria'),
(1464, 53, 'Kozje'),
(1465, 53, 'Kranj'),
(1466, 53, 'Kranjska Gora'),
(1467, 53, 'Krsko'),
(1469, 53, 'Lasko'),
(1470, 53, 'Ljubljana'),
(1471, 53, 'Ljubno'),
(1472, 53, 'Logatec'),
(1475, 53, 'Medvode'),
(1476, 53, 'Menges'),
(1478, 53, 'Mezica'),
(1480, 53, 'Moravce'),
(1482, 53, 'Mozirje'),
(1483, 53, 'Murska Sobota'),
(1487, 53, 'Nova Gorica'),
(1489, 53, 'Ormoz'),
(1491, 53, 'Pesnica'),
(1494, 53, 'Postojna'),
(1497, 53, 'Radece'),
(1498, 53, 'Radenci'),
(1500, 53, 'Radovljica'),
(1502, 53, 'Rogaska Slatina'),
(1505, 53, 'Sencur'),
(1506, 53, 'Sentilj'),
(1508, 53, 'Sevnica'),
(1509, 53, 'Sezana'),
(1511, 53, 'Skofja Loka'),
(1513, 53, 'Slovenj Gradec'),
(1514, 53, 'Slovenske Konjice'),
(1515, 53, 'Smarje pri Jelsah'),
(1521, 53, 'Tolmin'),
(1522, 53, 'Trbovlje'),
(1524, 53, 'Trzic'),
(1526, 53, 'Velenje'),
(1528, 53, 'Vipava'),
(1531, 53, 'Vrhnika'),
(1532, 53, 'Vuzenica'),
(1533, 53, 'Zagorje ob Savi'),
(1535, 53, 'Zelezniki'),
(1536, 53, 'Ziri'),
(1537, 53, 'Zrece'),
(1539, 53, 'Domzale'),
(1540, 53, 'Jesenice'),
(1541, 53, 'Kamnik'),
(1542, 53, 'Kocevje'),
(1544, 53, 'Lenart'),
(1545, 53, 'Litija'),
(1546, 53, 'Ljutomer'),
(1550, 53, 'Maribor'),
(1552, 53, 'Novo Mesto'),
(1553, 53, 'Piran'),
(1554, 53, 'Preddvor'),
(1555, 53, 'Ptuj'),
(1556, 53, 'Ribnica'),
(1558, 53, 'Sentjur pri Celju'),
(1559, 53, 'Slovenska Bistrica'),
(1560, 53, 'Videm'),
(1562, 53, 'Zalec'),
(1564, 109, 'Seychelles'),
(1565, 108, 'Mauritania'),
(1566, 135, 'Senegal'),
(1567, 154, 'Road Town'),
(1568, 165, 'Congo'),
(1569, 166, 'Avarua'),
(1570, 172, 'Malabo'),
(1571, 175, 'Torshavn'),
(1572, 178, 'Papeete'),
(1573, 184, 'St George&#039;s'),
(1574, 186, 'St Peter Port'),
(1575, 188, 'Bissau'),
(1576, 193, 'Saint Helier'),
(1577, 201, 'Fort-de-France'),
(1578, 207, 'Willemstad'),
(1579, 208, 'Noumea'),
(1580, 212, 'Kingston'),
(1581, 215, 'Adamstown'),
(1582, 216, 'Doha'),
(1583, 218, 'Jamestown'),
(1584, 219, 'Basseterre'),
(1585, 220, 'Castries'),
(1586, 221, 'Saint Pierre'),
(1587, 222, 'Kingstown'),
(1588, 225, 'San Tome'),
(1589, 226, 'Belgrade'),
(1590, 227, 'Freetown'),
(1591, 229, 'Mogadishu'),
(1592, 235, 'Fakaofo'),
(1593, 237, 'Port of Spain'),
(1594, 241, 'Mata-Utu'),
(1596, 89, 'Amazonas'),
(1597, 89, 'Ancash'),
(1598, 89, 'Apurímac'),
(1599, 89, 'Arequipa'),
(1600, 89, 'Ayacucho'),
(1601, 89, 'Cajamarca'),
(1602, 89, 'Callao'),
(1603, 89, 'Cusco'),
(1604, 89, 'Huancavelica'),
(1605, 89, 'Huánuco'),
(1606, 89, 'Ica'),
(1607, 89, 'Junín'),
(1608, 89, 'La Libertad'),
(1609, 89, 'Lambayeque'),
(1610, 89, 'Lima'),
(1611, 89, 'Loreto'),
(1612, 89, 'Madre de Dios'),
(1613, 89, 'Moquegua'),
(1614, 89, 'Pasco'),
(1615, 89, 'Piura'),
(1616, 89, 'Puno'),
(1617, 89, 'San Martín'),
(1618, 89, 'Tacna'),
(1619, 89, 'Tumbes'),
(1620, 89, 'Ucayali'),
(1622, 110, 'Alto Paraná'),
(1623, 110, 'Amambay'),
(1624, 110, 'Boquerón'),
(1625, 110, 'Caaguaz&uacute;'),
(1626, 110, 'Caazapá'),
(1627, 110, 'Central'),
(1628, 110, 'Concepción'),
(1629, 110, 'Cordillera'),
(1630, 110, 'Guairá'),
(1631, 110, 'Itap&uacute;a'),
(1632, 110, 'Misiones'),
(1633, 110, 'Neembuc&uacute;'),
(1634, 110, 'Paraguarí'),
(1635, 110, 'Presidente Hayes'),
(1636, 110, 'San Pedro'),
(1637, 110, 'Alto Paraguay'),
(1638, 110, 'Canindey&uacute;'),
(1639, 110, 'Chaco'),
(1642, 111, 'Artigas'),
(1643, 111, 'Canelones'),
(1644, 111, 'Cerro Largo'),
(1645, 111, 'Colonia'),
(1646, 111, 'Durazno'),
(1647, 111, 'Flores'),
(1648, 111, 'Florida'),
(1649, 111, 'Lavalleja'),
(1650, 111, 'Maldonado'),
(1651, 111, 'Montevideo'),
(1652, 111, 'Paysand&uacute;'),
(1653, 111, 'Río Negro'),
(1654, 111, 'Rivera'),
(1655, 111, 'Rocha'),
(1656, 111, 'Salto'),
(1657, 111, 'San José'),
(1658, 111, 'Soriano'),
(1659, 111, 'Tacuarembó'),
(1660, 111, 'Treinta y Tres'),
(1662, 81, 'Región de Tarapacá'),
(1663, 81, 'Región de Antofagasta'),
(1664, 81, 'Región de Atacama'),
(1665, 81, 'Región de Coquimbo'),
(1666, 81, 'Región de Valparaíso'),
(1667, 81, 'Región del Libertador General Bernardo O&#039;Higgins'),
(1668, 81, 'Región del Maule'),
(1669, 81, 'Región del Bío Bío'),
(1670, 81, 'Región de La Araucanía'),
(1671, 81, 'Región de Los Lagos'),
(1672, 81, 'Región Aisén del General Carlos Ibáñez del Campo'),
(1673, 81, 'Región de Magallanes y de la Antártica Chilena'),
(1674, 81, 'Región Metropolitana de Santiago'),
(1676, 185, 'Alta Verapaz'),
(1677, 185, 'Baja Verapaz'),
(1678, 185, 'Chimaltenango'),
(1679, 185, 'Chiquimula'),
(1680, 185, 'El Progreso'),
(1681, 185, 'Escuintla'),
(1682, 185, 'Guatemala'),
(1683, 185, 'Huehuetenango'),
(1684, 185, 'Izabal'),
(1685, 185, 'Jalapa'),
(1686, 185, 'Jutiapa'),
(1687, 185, 'Petén'),
(1688, 185, 'Quetzaltenango'),
(1689, 185, 'Quiché'),
(1690, 185, 'Retalhuleu'),
(1691, 185, 'Sacatepéquez'),
(1692, 185, 'San Marcos'),
(1693, 185, 'Santa Rosa'),
(1694, 185, 'Sololá'),
(1695, 185, 'Suchitepequez'),
(1696, 185, 'Totonicapán'),
(1697, 185, 'Zacapa'),
(1699, 82, 'Amazonas'),
(1700, 82, 'Antioquia'),
(1701, 82, 'Arauca'),
(1702, 82, 'Atlántico'),
(1703, 82, 'Caquetá'),
(1704, 82, 'Cauca'),
(1705, 82, 'César'),
(1706, 82, 'Chocó'),
(1707, 82, 'Córdoba'),
(1708, 82, 'Guaviare'),
(1709, 82, 'Guainía'),
(1710, 82, 'Huila'),
(1711, 82, 'La Guajira'),
(1712, 82, 'Meta'),
(1713, 82, 'Narino'),
(1714, 82, 'Norte de Santander'),
(1715, 82, 'Putumayo'),
(1716, 82, 'Quindío'),
(1717, 82, 'Risaralda'),
(1718, 82, 'San Andrés y Providencia'),
(1719, 82, 'Santander'),
(1720, 82, 'Sucre'),
(1721, 82, 'Tolima'),
(1722, 82, 'Valle del Cauca'),
(1723, 82, 'Vaupés'),
(1724, 82, 'Vichada'),
(1725, 82, 'Casanare'),
(1726, 82, 'Cundinamarca'),
(1727, 82, 'Distrito Especial'),
(1730, 82, 'Caldas'),
(1731, 82, 'Magdalena'),
(1733, 42, 'Aguascalientes'),
(1734, 42, 'Baja California'),
(1735, 42, 'Baja California Sur'),
(1736, 42, 'Campeche'),
(1737, 42, 'Chiapas'),
(1738, 42, 'Chihuahua'),
(1739, 42, 'Coahuila de Zaragoza'),
(1740, 42, 'Colima'),
(1741, 42, 'Distrito Federal'),
(1742, 42, 'Durango'),
(1743, 42, 'Guanajuato'),
(1744, 42, 'Guerrero'),
(1745, 42, 'Hidalgo'),
(1746, 42, 'Jalisco'),
(1747, 42, 'México'),
(1748, 42, 'Michoacán de Ocampo'),
(1749, 42, 'Morelos'),
(1750, 42, 'Nayarit'),
(1751, 42, 'Nuevo León'),
(1752, 42, 'Oaxaca'),
(1753, 42, 'Puebla'),
(1754, 42, 'Querétaro de Arteaga'),
(1755, 42, 'Quintana Roo'),
(1756, 42, 'San Luis Potosí'),
(1757, 42, 'Sinaloa'),
(1758, 42, 'Sonora'),
(1759, 42, 'Tabasco'),
(1760, 42, 'Tamaulipas'),
(1761, 42, 'Tlaxcala'),
(1762, 42, 'Veracruz-Llave'),
(1763, 42, 'Yucatán'),
(1764, 42, 'Zacatecas'),
(1766, 124, 'Bocas del Toro'),
(1767, 124, 'Chiriquí'),
(1768, 124, 'Coclé'),
(1769, 124, 'Colón'),
(1770, 124, 'Darién'),
(1771, 124, 'Herrera'),
(1772, 124, 'Los Santos'),
(1773, 124, 'Panamá'),
(1774, 124, 'San Blas'),
(1775, 124, 'Veraguas'),
(1777, 123, 'Chuquisaca'),
(1778, 123, 'Cochabamba'),
(1779, 123, 'El Beni'),
(1780, 123, 'La Paz'),
(1781, 123, 'Oruro'),
(1782, 123, 'Pando'),
(1783, 123, 'Potosí'),
(1784, 123, 'Santa Cruz'),
(1785, 123, 'Tarija'),
(1787, 36, 'Alajuela'),
(1788, 36, 'Cartago'),
(1789, 36, 'Guanacaste'),
(1790, 36, 'Heredia'),
(1791, 36, 'Limón'),
(1792, 36, 'Puntarenas'),
(1793, 36, 'San José'),
(1795, 103, 'Galápagos'),
(1796, 103, 'Azuay'),
(1797, 103, 'Bolívar'),
(1798, 103, 'Canar'),
(1799, 103, 'Carchi'),
(1800, 103, 'Chimborazo'),
(1801, 103, 'Cotopaxi'),
(1802, 103, 'El Oro'),
(1803, 103, 'Esmeraldas'),
(1804, 103, 'Guayas'),
(1805, 103, 'Imbabura'),
(1806, 103, 'Loja'),
(1807, 103, 'Los Ríos'),
(1808, 103, 'Manabí'),
(1809, 103, 'Morona-Santiago'),
(1810, 103, 'Pastaza'),
(1811, 103, 'Pichincha'),
(1812, 103, 'Tungurahua'),
(1813, 103, 'Zamora-Chinchipe'),
(1814, 103, 'Sucumbíos'),
(1815, 103, 'Napo'),
(1816, 103, 'Orellana'),
(1818, 5, 'Buenos Aires'),
(1819, 5, 'Catamarca'),
(1820, 5, 'Chaco'),
(1821, 5, 'Chubut'),
(1822, 5, 'Córdoba'),
(1823, 5, 'Corrientes'),
(1824, 5, 'Distrito Federal'),
(1825, 5, 'Entre Ríos'),
(1826, 5, 'Formosa'),
(1827, 5, 'Jujuy'),
(1828, 5, 'La Pampa'),
(1829, 5, 'La Rioja'),
(1830, 5, 'Mendoza'),
(1831, 5, 'Misiones'),
(1832, 5, 'Neuquén'),
(1833, 5, 'Río Negro'),
(1834, 5, 'Salta'),
(1835, 5, 'San Juan'),
(1836, 5, 'San Luis'),
(1837, 5, 'Santa Cruz'),
(1838, 5, 'Santa Fe'),
(1839, 5, 'Santiago del Estero'),
(1840, 5, 'Tierra del Fuego'),
(1841, 5, 'Tucumán'),
(1843, 95, 'Amazonas'),
(1844, 95, 'Anzoategui'),
(1845, 95, 'Apure'),
(1846, 95, 'Aragua'),
(1847, 95, 'Barinas'),
(1848, 95, 'Bolívar'),
(1849, 95, 'Carabobo'),
(1850, 95, 'Cojedes'),
(1851, 95, 'Delta Amacuro'),
(1852, 95, 'Falcón'),
(1853, 95, 'Guárico'),
(1854, 95, 'Lara'),
(1855, 95, 'Mérida'),
(1856, 95, 'Miranda'),
(1857, 95, 'Monagas'),
(1858, 95, 'Nueva Esparta'),
(1859, 95, 'Portuguesa'),
(1860, 95, 'Sucre'),
(1861, 95, 'Táchira'),
(1862, 95, 'Trujillo'),
(1863, 95, 'Yaracuy'),
(1864, 95, 'Zulia'),
(1865, 95, 'Dependencias Federales'),
(1866, 95, 'Distrito Capital'),
(1867, 95, 'Vargas'),
(1869, 209, 'Boaco'),
(1870, 209, 'Carazo'),
(1871, 209, 'Chinandega'),
(1872, 209, 'Chontales'),
(1873, 209, 'Estelí'),
(1874, 209, 'Granada'),
(1875, 209, 'Jinotega'),
(1876, 209, 'León'),
(1877, 209, 'Madriz'),
(1878, 209, 'Managua'),
(1879, 209, 'Masaya'),
(1880, 209, 'Matagalpa'),
(1881, 209, 'Nueva Segovia'),
(1882, 209, 'Rio San Juan'),
(1883, 209, 'Rivas'),
(1884, 209, 'Zelaya'),
(1886, 113, 'Pinar del Rio'),
(1887, 113, 'Ciudad de la Habana'),
(1888, 113, 'Matanzas'),
(1889, 113, 'Isla de la Juventud'),
(1890, 113, 'Camaguey'),
(1891, 113, 'Ciego de Avila'),
(1892, 113, 'Cienfuegos'),
(1893, 113, 'Granma'),
(1894, 113, 'Guantanamo'),
(1895, 113, 'La Habana'),
(1896, 113, 'Holguin'),
(1897, 113, 'Las Tunas'),
(1898, 113, 'Sancti Spiritus'),
(1899, 113, 'Santiago de Cuba'),
(1900, 113, 'Villa Clara'),
(1901, 12, 'Acre'),
(1902, 12, 'Alagoas'),
(1903, 12, 'Amapa'),
(1904, 12, 'Amazonas'),
(1905, 12, 'Bahia'),
(1906, 12, 'Ceara'),
(1907, 12, 'Distrito Federal'),
(1908, 12, 'Espirito Santo'),
(1909, 12, 'Mato Grosso do Sul'),
(1910, 12, 'Maranhao'),
(1911, 12, 'Mato Grosso'),
(1912, 12, 'Minas Gerais'),
(1913, 12, 'Para'),
(1914, 12, 'Paraiba'),
(1915, 12, 'Parana'),
(1916, 12, 'Piaui'),
(1917, 12, 'Rio de Janeiro'),
(1918, 12, 'Rio Grande do Norte'),
(1919, 12, 'Rio Grande do Sul'),
(1920, 12, 'Rondonia'),
(1921, 12, 'Roraima'),
(1922, 12, 'Santa Catarina'),
(1923, 12, 'Sao Paulo'),
(1924, 12, 'Sergipe'),
(1925, 12, 'Goias'),
(1926, 12, 'Pernambuco'),
(1927, 12, 'Tocantins'),
(1930, 83, 'Akureyri'),
(1931, 83, 'Arnessysla'),
(1932, 83, 'Austur-Bardastrandarsysla'),
(1933, 83, 'Austur-Hunavatnssysla'),
(1934, 83, 'Austur-Skaftafellssysla'),
(1935, 83, 'Borgarfjardarsysla'),
(1936, 83, 'Dalasysla'),
(1937, 83, 'Eyjafjardarsysla'),
(1938, 83, 'Gullbringusysla'),
(1939, 83, 'Hafnarfjordur'),
(1943, 83, 'Kjosarsysla'),
(1944, 83, 'Kopavogur'),
(1945, 83, 'Myrasysla'),
(1946, 83, 'Neskaupstadur'),
(1947, 83, 'Nordur-Isafjardarsysla'),
(1948, 83, 'Nordur-Mulasysla'),
(1949, 83, 'Nordur-Tingeyjarsysla'),
(1950, 83, 'Olafsfjordur'),
(1951, 83, 'Rangarvallasysla'),
(1952, 83, 'Reykjavik'),
(1953, 83, 'Saudarkrokur'),
(1954, 83, 'Seydisfjordur'),
(1956, 83, 'Skagafjardarsysla'),
(1957, 83, 'Snafellsnes- og Hnappadalssysla'),
(1958, 83, 'Strandasysla'),
(1959, 83, 'Sudur-Mulasysla'),
(1960, 83, 'Sudur-Tingeyjarsysla'),
(1961, 83, 'Vestmannaeyjar'),
(1962, 83, 'Vestur-Bardastrandarsysla'),
(1964, 83, 'Vestur-Isafjardarsysla'),
(1965, 83, 'Vestur-Skaftafellssysla'),
(1966, 35, 'Anhui'),
(1967, 35, 'Zhejiang'),
(1968, 35, 'Jiangxi'),
(1969, 35, 'Jiangsu'),
(1970, 35, 'Jilin'),
(1971, 35, 'Qinghai'),
(1972, 35, 'Fujian'),
(1973, 35, 'Heilongjiang'),
(1974, 35, 'Henan'),
(1975, 35, 'Hebei'),
(1976, 35, 'Hunan'),
(1977, 35, 'Hubei'),
(1978, 35, 'Xinjiang'),
(1979, 35, 'Xizang'),
(1980, 35, 'Gansu'),
(1981, 35, 'Guangxi'),
(1982, 35, 'Guizhou'),
(1983, 35, 'Liaoning'),
(1984, 35, 'Nei Mongol'),
(1985, 35, 'Ningxia'),
(1986, 35, 'Beijing'),
(1987, 35, 'Shanghai'),
(1988, 35, 'Shanxi'),
(1989, 35, 'Shandong'),
(1990, 35, 'Shaanxi'),
(1991, 35, 'Sichuan'),
(1992, 35, 'Tianjin'),
(1993, 35, 'Yunnan'),
(1994, 35, 'Guangdong'),
(1995, 35, 'Hainan'),
(1996, 35, 'Chongqing'),
(1997, 97, 'Central'),
(1998, 97, 'Coast'),
(1999, 97, 'Eastern'),
(2000, 97, 'Nairobi Area'),
(2001, 97, 'North-Eastern'),
(2002, 97, 'Nyanza'),
(2003, 97, 'Rift Valley'),
(2004, 97, 'Western'),
(2006, 195, 'Gilbert Islands'),
(2007, 195, 'Line Islands'),
(2008, 195, 'Phoenix Islands'),
(2010, 1, 'Australian Capital Territory'),
(2011, 1, 'New South Wales'),
(2012, 1, 'Northern Territory'),
(2013, 1, 'Queensland'),
(2014, 1, 'South Australia'),
(2015, 1, 'Tasmania'),
(2016, 1, 'Victoria'),
(2017, 1, 'Western Australia'),
(2018, 27, 'Dublin'),
(2019, 27, 'Galway'),
(2020, 27, 'Kildare'),
(2021, 27, 'Leitrim'),
(2022, 27, 'Limerick'),
(2023, 27, 'Mayo'),
(2024, 27, 'Meath'),
(2025, 27, 'Carlow'),
(2026, 27, 'Kilkenny'),
(2027, 27, 'Laois'),
(2028, 27, 'Longford'),
(2029, 27, 'Louth'),
(2030, 27, 'Offaly'),
(2031, 27, 'Westmeath'),
(2032, 27, 'Wexford'),
(2033, 27, 'Wicklow'),
(2034, 27, 'Roscommon'),
(2035, 27, 'Sligo'),
(2036, 27, 'Clare'),
(2037, 27, 'Cork'),
(2038, 27, 'Kerry'),
(2039, 27, 'Tipperary'),
(2040, 27, 'Waterford'),
(2041, 27, 'Cavan'),
(2042, 27, 'Donegal'),
(2043, 27, 'Monaghan'),
(2044, 50, 'Karachaeva-Cherkesskaya Respublica'),
(2045, 50, 'Raimirskii (Dolgano-Nenetskii) AO'),
(2046, 50, 'Respublica Tiva'),
(2047, 32, 'Newfoundland'),
(2048, 32, 'Nova Scotia'),
(2049, 32, 'Prince Edward Island'),
(2050, 32, 'New Brunswick'),
(2051, 32, 'Quebec'),
(2052, 32, 'Ontario'),
(2053, 32, 'Manitoba'),
(2054, 32, 'Saskatchewan'),
(2055, 32, 'Alberta'),
(2056, 32, 'British Columbia'),
(2057, 32, 'Nunavut'),
(2058, 32, 'Northwest Territories'),
(2059, 32, 'Yukon Territory'),
(2060, 19, 'Drenthe'),
(2061, 19, 'Friesland'),
(2062, 19, 'Gelderland'),
(2063, 19, 'Groningen'),
(2064, 19, 'Limburg'),
(2065, 19, 'Noord-Brabant'),
(2066, 19, 'Noord-Holland'),
(2067, 19, 'Utrecht'),
(2068, 19, 'Zeeland'),
(2069, 19, 'Zuid-Holland'),
(2071, 19, 'Overijssel'),
(2072, 19, 'Flevoland'),
(2073, 138, 'Duarte'),
(2074, 138, 'Puerto Plata'),
(2075, 138, 'Valverde'),
(2076, 138, 'María Trinidad Sánchez'),
(2077, 138, 'Azua'),
(2078, 138, 'Santiago'),
(2079, 138, 'San Cristóbal'),
(2080, 138, 'Peravia'),
(2081, 138, 'Elías Piña'),
(2082, 138, 'Barahona'),
(2083, 138, 'Monte Plata'),
(2084, 138, 'Salcedo'),
(2085, 138, 'La Altagracia'),
(2086, 138, 'San Juan'),
(2087, 138, 'Monseñor Nouel'),
(2088, 138, 'Monte Cristi'),
(2089, 138, 'Espaillat'),
(2090, 138, 'Sánchez Ramírez'),
(2091, 138, 'La Vega'),
(2092, 138, 'San Pedro de Macorís'),
(2093, 138, 'Independencia'),
(2094, 138, 'Dajabón'),
(2095, 138, 'Baoruco'),
(2096, 138, 'El Seibo'),
(2097, 138, 'Hato Mayor'),
(2098, 138, 'La Romana'),
(2099, 138, 'Pedernales'),
(2100, 138, 'Samaná'),
(2101, 138, 'Santiago Rodríguez'),
(2102, 138, 'San José de Ocoa'),
(2103, 70, 'Chiba'),
(2104, 70, 'Ehime'),
(2105, 70, 'Oita'),
(2106, 85, 'Skopje'),
(2108, 35, 'Schanghai'),
(2109, 35, 'Hongkong'),
(2110, 35, 'Neimenggu'),
(2111, 35, 'Aomen'),
(2112, 92, 'Amnat Charoen'),
(2113, 92, 'Ang Thong'),
(2114, 92, 'Bangkok'),
(2115, 92, 'Buri Ram'),
(2116, 92, 'Chachoengsao'),
(2117, 92, 'Chai Nat'),
(2118, 92, 'Chaiyaphum'),
(2119, 92, 'Chanthaburi'),
(2120, 92, 'Chiang Mai'),
(2121, 92, 'Chiang Rai'),
(2122, 92, 'Chon Buri'),
(2124, 92, 'Kalasin'),
(2126, 92, 'Kanchanaburi'),
(2127, 92, 'Khon Kaen'),
(2128, 92, 'Krabi'),
(2129, 92, 'Lampang'),
(2131, 92, 'Loei'),
(2132, 92, 'Lop Buri'),
(2133, 92, 'Mae Hong Son'),
(2134, 92, 'Maha Sarakham'),
(2137, 92, 'Nakhon Pathom'),
(2139, 92, 'Nakhon Ratchasima'),
(2140, 92, 'Nakhon Sawan'),
(2141, 92, 'Nakhon Si Thammarat'),
(2143, 92, 'Narathiwat'),
(2144, 92, 'Nong Bua Lam Phu'),
(2145, 92, 'Nong Khai'),
(2146, 92, 'Nonthaburi'),
(2147, 92, 'Pathum Thani'),
(2148, 92, 'Pattani'),
(2149, 92, 'Phangnga'),
(2150, 92, 'Phatthalung'),
(2154, 92, 'Phichit'),
(2155, 92, 'Phitsanulok'),
(2156, 92, 'Phra Nakhon Si Ayutthaya'),
(2157, 92, 'Phrae'),
(2158, 92, 'Phuket'),
(2159, 92, 'Prachin Buri'),
(2160, 92, 'Prachuap Khiri Khan'),
(2162, 92, 'Ratchaburi'),
(2163, 92, 'Rayong'),
(2164, 92, 'Roi Et'),
(2165, 92, 'Sa Kaeo'),
(2166, 92, 'Sakon Nakhon'),
(2167, 92, 'Samut Prakan'),
(2168, 92, 'Samut Sakhon'),
(2169, 92, 'Samut Songkhran'),
(2170, 92, 'Saraburi'),
(2172, 92, 'Si Sa Ket'),
(2173, 92, 'Sing Buri'),
(2174, 92, 'Songkhla'),
(2175, 92, 'Sukhothai'),
(2176, 92, 'Suphan Buri'),
(2177, 92, 'Surat Thani'),
(2178, 92, 'Surin'),
(2180, 92, 'Trang'),
(2182, 92, 'Ubon Ratchathani'),
(2183, 92, 'Udon Thani'),
(2184, 92, 'Uthai Thani'),
(2185, 92, 'Uttaradit'),
(2186, 92, 'Yala'),
(2187, 92, 'Yasothon'),
(2188, 69, 'Busan'),
(2189, 69, 'Daegu'),
(2191, 69, 'Gangwon'),
(2192, 69, 'Gwangju'),
(2193, 69, 'Gyeonggi'),
(2194, 69, 'Gyeongsangbuk'),
(2195, 69, 'Gyeongsangnam'),
(2196, 69, 'Jeju'),
(2201, 25, 'Delhi');

-- --------------------------------------------------------

--
-- Estructura de tabla para la tabla `mensaje`
--

CREATE TABLE `mensaje` (
  `id` int(11) NOT NULL,
  `texto` text NOT NULL,
  `estatus` int(2) NOT NULL
) ENGINE=InnoDB DEFAULT CHARSET=latin1;

--
-- Volcado de datos para la tabla `mensaje`
--

INSERT INTO `mensaje` (`id`, `texto`, `estatus`) VALUES
(1, '¡Los sueños se trabajan!', 1),
(2, 'No estás aquí por casualidad.', 1),
(3, 'Deja de pensar en la vida y resuélvete a vivirla.', 1),
(4, 'Siente como el alma baila dentro de tu cuerpo.', 1),
(5, 'Sueña con los pies en la tierra y la mirada en el cielo.', 1),
(6, 'No es fácil pero sí muy posible.', 1),
(7, 'Crea una vida con sentido.', 1),
(8, 'El día que entendí que lo único que me voy a llevar es lo que vivo, empecé a vivir lo que me quiero llevar.', 1),
(9, 'No es solo vivir, es sentirse vivo.', 1),
(10, 'Un día mirarás atrás y dirás “¿Viste como tú sí podías?', 1);

-- --------------------------------------------------------

--
-- Estructura de tabla para la tabla `pais`
--

CREATE TABLE `pais` (
  `id` int(11) NOT NULL,
  `codigo` varchar(3) COLLATE utf8_unicode_ci NOT NULL,
  `paisnombre` varchar(250) COLLATE utf8_unicode_ci NOT NULL
) ENGINE=InnoDB DEFAULT CHARSET=utf8 COLLATE=utf8_unicode_ci;

--
-- Volcado de datos para la tabla `pais`
--

INSERT INTO `pais` (`id`, `codigo`, `paisnombre`) VALUES
(1, 'AU', 'Australia'),
(2, 'AS', 'Austria'),
(3, '', 'Azerbaiyán'),
(4, '', 'Anguilla'),
(5, '', 'Argentina'),
(6, '', 'Armenia'),
(7, '', 'Bielorrusia'),
(8, '', 'Belice'),
(9, '', 'Bélgica'),
(10, '', 'Bermudas'),
(11, '', 'Bulgaria'),
(12, '', 'Brasil'),
(13, '', 'Reino Unido'),
(14, '', 'Hungría'),
(15, '', 'Vietnam'),
(16, '', 'Haiti'),
(17, '', 'Guadalupe'),
(18, '', 'Alemania'),
(19, '', 'Países Bajos, Holanda'),
(20, '', 'Grecia'),
(21, '', 'Georgia'),
(22, '', 'Dinamarca'),
(23, '', 'Egipto'),
(24, '', 'Israel'),
(25, '', 'India'),
(26, '', 'Irán'),
(27, '', 'Irlanda'),
(28, '', 'España'),
(29, '', 'Italia'),
(30, '', 'Kazajstán'),
(31, '', 'Camerún'),
(32, '', 'Canadá'),
(33, '', 'Chipre'),
(34, '', 'Kirguistán'),
(35, '', 'China'),
(36, '', 'Costa Rica'),
(37, '', 'Kuwait'),
(38, '', 'Letonia'),
(39, '', 'Libia'),
(40, '', 'Lituania'),
(41, '', 'Luxemburgo'),
(42, '', 'México'),
(43, '', 'Moldavia'),
(44, '', 'Mónaco'),
(45, '', 'Nueva Zelanda'),
(46, '', 'Noruega'),
(47, '', 'Polonia'),
(48, '', 'Portugal'),
(49, '', 'Reunión'),
(50, '', 'Rusia'),
(51, '', 'El Salvador'),
(52, '', 'Eslovaquia'),
(53, '', 'Eslovenia'),
(54, '', 'Surinam'),
(55, '', 'Estados Unidos'),
(56, '', 'Tadjikistan'),
(57, '', 'Turkmenistan'),
(58, '', 'Islas Turcas y Caicos'),
(59, '', 'Turquía'),
(60, '', 'Uganda'),
(61, '', 'Uzbekistán'),
(62, '', 'Ucrania'),
(63, '', 'Finlandia'),
(64, '', 'Francia'),
(65, '', 'República Checa'),
(66, '', 'Suiza'),
(67, '', 'Suecia'),
(68, '', 'Estonia'),
(69, '', 'Corea del Sur'),
(70, '', 'Japón'),
(71, '', 'Croacia'),
(72, '', 'Rumanía'),
(73, '', 'Hong Kong'),
(74, '', 'Indonesia'),
(75, '', 'Jordania'),
(76, '', 'Malasia'),
(77, '', 'Singapur'),
(78, '', 'Taiwan'),
(79, '', 'Bosnia y Herzegovina'),
(80, '', 'Bahamas'),
(81, '', 'Chile'),
(82, '', 'Colombia'),
(83, '', 'Islandia'),
(84, '', 'Corea del Norte'),
(85, '', 'Macedonia'),
(86, '', 'Malta'),
(87, '', 'Pakistán'),
(88, '', 'Papúa-Nueva Guinea'),
(89, '', 'Perú'),
(90, '', 'Filipinas'),
(91, '', 'Arabia Saudita'),
(92, '', 'Tailandia'),
(93, '', 'Emiratos árabes Unidos'),
(94, '', 'Groenlandia'),
(95, '', 'Venezuela'),
(96, '', 'Zimbabwe'),
(97, '', 'Kenia'),
(98, '', 'Algeria'),
(99, '', 'Líbano'),
(100, '', 'Botsuana'),
(101, '', 'Tanzania'),
(102, '', 'Namibia'),
(103, '', 'Ecuador'),
(104, '', 'Marruecos'),
(105, '', 'Ghana'),
(106, '', 'Siria'),
(107, '', 'Nepal'),
(108, '', 'Mauritania'),
(109, '', 'Seychelles'),
(110, '', 'Paraguay'),
(111, '', 'Uruguay'),
(112, '', 'Congo (Brazzaville)'),
(113, '', 'Cuba'),
(114, '', 'Albania'),
(115, '', 'Nigeria'),
(116, '', 'Zambia'),
(117, '', 'Mozambique'),
(119, '', 'Angola'),
(120, '', 'Sri Lanka'),
(121, '', 'Etiopía'),
(122, '', 'Túnez'),
(123, '', 'Bolivia'),
(124, '', 'Panamá'),
(125, '', 'Malawi'),
(126, '', 'Liechtenstein'),
(127, '', 'Bahrein'),
(128, '', 'Barbados'),
(130, '', 'Chad'),
(131, '', 'Man, Isla de'),
(132, '', 'Jamaica'),
(133, '', 'Malí'),
(134, '', 'Madagascar'),
(135, '', 'Senegal'),
(136, '', 'Togo'),
(137, '', 'Honduras'),
(138, '', 'República Dominicana'),
(139, '', 'Mongolia'),
(140, '', 'Irak'),
(141, '', 'Sudáfrica'),
(142, '', 'Aruba'),
(143, '', 'Gibraltar'),
(144, '', 'Afganistán'),
(145, '', 'Andorra'),
(147, '', 'Antigua y Barbuda'),
(149, '', 'Bangladesh'),
(151, '', 'Benín'),
(152, '', 'Bután'),
(154, '', 'Islas Virgenes Británicas'),
(155, '', 'Brunéi'),
(156, '', 'Burkina Faso'),
(157, '', 'Burundi'),
(158, '', 'Camboya'),
(159, '', 'Cabo Verde'),
(164, '', 'Comores'),
(165, '', 'Congo (Kinshasa)'),
(166, '', 'Cook, Islas'),
(168, '', 'Costa de Marfil'),
(169, '', 'Djibouti, Yibuti'),
(171, '', 'Timor Oriental'),
(172, '', 'Guinea Ecuatorial'),
(173, '', 'Eritrea'),
(175, '', 'Feroe, Islas'),
(176, '', 'Fiyi'),
(178, '', 'Polinesia Francesa'),
(180, '', 'Gabón'),
(181, '', 'Gambia'),
(184, '', 'Granada'),
(185, '', 'Guatemala'),
(186, '', 'Guernsey'),
(187, '', 'Guinea'),
(188, '', 'Guinea-Bissau'),
(189, '', 'Guyana'),
(193, '', 'Jersey'),
(195, '', 'Kiribati'),
(196, '', 'Laos'),
(197, '', 'Lesotho'),
(198, '', 'Liberia'),
(200, '', 'Maldivas'),
(201, '', 'Martinica'),
(202, '', 'Mauricio'),
(205, '', 'Myanmar'),
(206, '', 'Nauru'),
(207, '', 'Antillas Holandesas'),
(208, '', 'Nueva Caledonia'),
(209, '', 'Nicaragua'),
(210, '', 'Níger'),
(212, '', 'Norfolk Island'),
(213, '', 'Omán'),
(215, '', 'Isla Pitcairn'),
(216, '', 'Qatar'),
(217, '', 'Ruanda'),
(218, '', 'Santa Elena'),
(219, '', 'San Cristobal y Nevis'),
(220, '', 'Santa Lucía'),
(221, '', 'San Pedro y Miquelón'),
(222, '', 'San Vincente y Granadinas'),
(223, '', 'Samoa'),
(224, '', 'San Marino'),
(225, '', 'San Tomé y Príncipe'),
(226, '', 'Serbia y Montenegro'),
(227, '', 'Sierra Leona'),
(228, '', 'Islas Salomón'),
(229, '', 'Somalia'),
(232, '', 'Sudán'),
(234, '', 'Swazilandia'),
(235, '', 'Tokelau'),
(236, '', 'Tonga'),
(237, '', 'Trinidad y Tobago'),
(239, '', 'Tuvalu'),
(240, '', 'Vanuatu'),
(241, '', 'Wallis y Futuna'),
(242, '', 'Sáhara Occidental'),
(243, '', 'Yemen'),
(246, '', 'Puerto Rico');

-- --------------------------------------------------------

--
-- Estructura de tabla para la tabla `paises`
--

CREATE TABLE `paises` (
  `Codigo` varchar(2) NOT NULL,
  `Pais` varchar(100) NOT NULL,
  `estatus` int(2) NOT NULL
) ENGINE=MyISAM DEFAULT CHARSET=utf8;

--
-- Volcado de datos para la tabla `paises`
--

INSERT INTO `paises` (`Codigo`, `Pais`, `estatus`) VALUES
('AF', 'Afganistán', 1),
('AL', 'Albania', 1),
('DE', 'Alemania', 1),
('AD', 'Andorra', 1),
('AO', 'Angola', 1),
('AG', 'Antigua y Barbuda', 1),
('AI', 'Anguilla', 1),
('AQ', 'Antartida', 1),
('SA', 'Arabia Saudita', 1),
('DZ', 'Argelia', 1),
('AR', 'Argentina', 1),
('AM', 'Armenia', 1),
('AU', 'Australia', 1),
('AT', 'Austria', 1),
('AW', 'Aruba', 1),
('AZ', 'Azerbaiyán', 1),
('BS', 'Bahamas', 1),
('BD', 'Bangladesh', 1),
('BB', 'Barbados', 1),
('BH', 'Baréin', 1),
('BE', 'Bélgica', 1),
('BZ', 'Belice', 1),
('BJ', 'Benín', 1),
('BM', 'Bermuda', 1),
('BY', 'Bielorrusia', 1),
('BU', 'Birmania', 1),
('BO', 'Bolivia', 1),
('BA', 'Bosnia y Herzegovina', 1),
('BW', 'Botsuana', 1),
('BR', 'Brasil', 1),
('BN', 'Brunéi', 1),
('BG', 'Bulgaria', 1),
('BF', 'Burkina Faso', 1),
('BI', 'Burundi', 1),
('BQ', 'Bonair', 1),
('BT', 'Bután', 1),
('CV', 'Cabo Verde', 1),
('KH', 'Camboya', 1),
('CM', 'Camerún', 1),
('CA', 'Canadá', 1),
('TD', 'Chad', 1),
('CL', 'Chile', 1),
('CN', 'China', 1),
('CY', 'Chipre', 1),
('VA', 'Ciudad del Vaticano', 1),
('CO', 'Colombia', 1),
('KM', 'Comoras', 1),
('KP', 'Corea del Norte', 1),
('KR', 'Corea del Sur', 1),
('CI', 'Costa de Marfil', 1),
('CR', 'Costa Rica', 1),
('HR', 'Croacia', 1),
('CW', 'Curacao', 1),
('CU', 'Cuba', 1),
('DJ', 'Djibouti', 1),
('DK', 'Dinamarca', 1),
('DM', 'Dominica', 1),
('EC', 'Ecuador', 1),
('EG', 'Egipto', 1),
('SV', 'El Salvador', 1),
('AE', 'Emiratos Árabes Unidos', 1),
('ER', 'Eritrea', 1),
('SK', 'Eslovaquia', 1),
('SI', 'Eslovenia', 1),
('ES', 'España', 1),
('EU', 'Estados Unidos', 1),
('EE', 'Estonia', 1),
('ET', 'Etiopía', 1),
('FO', 'Faroe Islands', 1),
('PH', 'Filipinas', 1),
('FI', 'Finlandia', 1),
('FJ', 'Fiyi', 1),
('FR', 'Francia', 1),
('GA', 'Gabón', 1),
('GM', 'Gambia', 1),
('GE', 'Georgia', 1),
('GH', 'Ghana', 1),
('GD', 'Granada', 1),
('GR', 'Grecia', 1),
('GT', 'Guatemala', 1),
('GN', 'Guinea', 1),
('GQ', 'Guinea Ecuatorial', 1),
('GI', 'Gibraltar', 1),
('GL', 'Groelandia', 1),
('GW', 'Guinea-Bissau', 1),
('GU', 'Guam', 1),
('GY', 'Guyana', 1),
('HT', 'Haití', 1),
('HN', 'Honduras', 1),
('HU', 'Hungría', 1),
('IN', 'India', 1),
('ID', 'Indonesia', 1),
('IR', 'Irán', 1),
('IQ', 'Iraq', 1),
('IE', 'Irlanda', 1),
('IS', 'Islandia', 1),
('MH', 'Islas Marshall', 1),
('KY', 'Islas Caiman', 1),
('CK', 'Islas Coco', 1),
('SB', 'Islas Salomón', 1),
('IL', 'Israel', 1),
('IT', 'Italia', 1),
('JM', 'Jamaica', 1),
('JP', 'Japón', 1),
('JO', 'Jordania', 1),
('KZ', 'Kazajistán', 1),
('KE', 'Kenia', 1),
('KG', 'Kirguistán', 1),
('KI', 'Kiribati', 1),
('KW', 'Kuwait', 1),
('LA', 'Laos', 1),
('LS', 'Lesoto', 1),
('LV', 'Letonia', 1),
('LR', 'Liberia', 1),
('LB', 'Líbano', 1),
('LY', 'Libia', 1),
('LI', 'Liechtenstein', 1),
('LT', 'Lituania', 1),
('LU', 'Luxemburgo', 1),
('MG', 'Madagascar', 1),
('MY', 'Malasia', 1),
('MW', 'Malaui', 1),
('MV', 'Maldivas', 1),
('ML', 'Malí', 1),
('MT', 'Malta', 1),
('MA', 'Marruecos', 1),
('MU', 'Mauricio', 1),
('MR', 'Mauritania', 1),
('MX', 'México', 1),
('FM', 'Micronesia', 1),
('MD', 'Moldavia', 1),
('MC', 'Mónaco', 1),
('MN', 'Mongolia', 1),
('ME', 'Montenegro', 1),
('MZ', 'Mozambique', 1),
('NA', 'Namibia', 1),
('NR', 'Nauru', 1),
('NP', 'Nepal', 1),
('NI', 'Nicaragua', 1),
('NU', 'Niue', 1),
('NE', 'Níger', 1),
('NG', 'Nigeria', 1),
('NO', 'Noruega', 1),
('NZ', 'Nueva Zelanda', 1),
('OM', 'Omán', 1),
('NL', 'Países Bajos', 1),
('PK', 'Pakistán', 1),
('PW', 'Palaos', 1),
('PA', 'Panamá', 1),
('PG', 'Papúa Nueva Guinea', 1),
('PY', 'Paraguay', 1),
('PR', 'Puerto Rico', 1),
('PE', 'Perú', 1),
('PL', 'Polonia', 1),
('PT', 'Portugal', 1),
('QA', 'Qatar', 1),
('GB', 'Reino Unido', 1),
('CF', 'República Centroafricana', 1),
('CZ', 'República Checa', 1),
('MK', 'República de Macedonia', 1),
('CD', 'República del Congo', 1),
('CG', 'República Democrática del Congo', 1),
('DO', 'República Dominicana', 1),
('RW', 'Ruanda', 1),
('RO', 'Rumania', 1),
('RU', 'Rusia', 1),
('WS', 'Samoa', 1),
('KN', 'San Cristóbal y Nieves', 1),
('MF', 'San Martin', 1),
('SM', 'San Marino', 1),
('VC', 'San Vicente y las Granadinas', 1),
('LC', 'Santa Lucía', 1),
('ST', 'Santo Tomé y Príncipe', 1),
('SN', 'Senegal', 1),
('RS', 'Serbia', 1),
('SC', 'Seychelles', 1),
('SL', 'Sierra Leona', 1),
('SG', 'Singapur', 1),
('SY', 'Siria', 1),
('SO', 'Somalia', 1),
('LK', 'Sri Lanka', 1),
('CH', 'Suazilandia', 1),
('ZA', 'Sudáfrica', 1),
('SD', 'Sudán', 1),
('SE', 'Suecia', 1),
('SZ', 'Suiza', 1),
('SR', 'Surinam', 1),
('TW', 'Taiwan', 1),
('TH', 'Tailandia', 1),
('TZ', 'Tanzania', 1),
('TJ', 'Tayikistán', 1),
('TL', 'Timor Oriental', 1),
('TG', 'Togo', 1),
('TO', 'Tonga', 1),
('TT', 'Trinidad y Tobago', 1),
('TN', 'Túnez', 1),
('TM', 'Turkmenistán', 1),
('TR', 'Turquía', 1),
('TV', 'Tuvalu', 1),
('UA', 'Ucrania', 1),
('UG', 'Uganda', 1),
('UY', 'Uruguay', 1),
('UZ', 'Uzbekistán', 1),
('VU', 'Vanuatu', 1),
('VE', 'Venezuela', 1),
('VN', 'Vietnam', 1),
('YE', 'Yemen', 1),
('ZM', 'Zambia', 1),
('ZW', 'Zimbabue', 1);

-- --------------------------------------------------------

--
-- Estructura de tabla para la tabla `seccion`
--

CREATE TABLE `seccion` (
  `id` int(11) NOT NULL,
  `idSeccionTab` int(11) NOT NULL,
  `titulo` text NOT NULL,
  `texto` text NOT NULL,
  `estatus` int(2) NOT NULL
) ENGINE=InnoDB DEFAULT CHARSET=latin1;

--
-- Volcado de datos para la tabla `seccion`
--

INSERT INTO `seccion` (`id`, `idSeccionTab`, `titulo`, `texto`, `estatus`) VALUES
(1, 1, 'Canadá recibe gente', '<p class=\"ql-align-justify\">¿Canadá recibe gente? Sí. Es un hecho que Canadá es un país abierto a la migración y que cada año están llegando miles de personas a establecerse aquí.</p><p class=\"ql-align-justify\">Ahora bien, no es tan sencillo como decir que “Canadá te paga por venir a vivir” o que basta solo “ser joven y tener hijos”. En realidad, Canadá está más organizado en este ámbito de lo que te puedes imaginar.</p><p class=\"ql-align-justify\">La inmigración que realizan es programada y lo primero que te debes de preguntar es ¿Cómo puedo aportarle a Canadá? En sí hay dos grandes formas: Con talento o con inversión.</p><p class=\"ql-align-justify\">A&nbsp;<strong>talento</strong>&nbsp;nos referimos principalmente a que cuentes con un empleo que sea necesario o útil en este país, acompañado del idioma (Sea inglés o francés).</p><p class=\"ql-align-justify\">A&nbsp;<strong>inversión</strong>&nbsp;hablamos de aportar con dinero. Una de las formas más comunes es viniendo a estudiar. En este caso, Canadá se beneficia de los pagos que realizas a la escuela y aportas a la economía en todo el sentido mientras vives aquí.</p><p>Estudiar es solo una de las formas de invertir y existe otro tipo de formas.</p>', 1),
(2, 1, '¿Cómo iniciar?', '<p class=\"ql-align-justify\">	Muchos me preguntan de manera general ¿Cómo emigrar? Y la respuesta siempre es: depende. No existe una fórmula exacta ni única forma. Al contrario, Canadá cuenta con más de 60 formas de inmigrar y a cada persona le queda una vía diferente dependiente de: profesión, edad, presupuesto, idiomas, etc.</p><p>	Es decir, lo mismo que me queda a mí, no es lo mismo que le queda a usted. Pues bien, en sí el primer paso sería identificar cuál es el proceso que más es apto para inmigrar en su caso en específico. De esta manera podrá enfocarse en aplicar, mejorar su perfil y concentrarse en obtener una respuesta positiva.</p>', 1),
(3, 1, '¿Cómo identificar cuál es el proceso más apto para mí?', '<p class=\"ql-align-justify\">Para saber cuál es la forma en que usted podría aplicar hay dos posibilidades:</p><ol><li><strong>HACERLO SOLO:</strong>&nbsp;En la página del gobierno de Canadá que es Canada.ca, va a encontrar detallado todos los procesos que existen. Ahí, está en detalle en qué consiste el proceso, cómo aplicar, tiempo estimado de procesar, etc. Es decir, en este caso lo que debe hacer es leer e informarse y determinar si considera que alguno de los procesos es apto para usted. En este caso, haría su proceso solo.</li><li>Esta forma es completamente válida y de hecho Canadá tiene la ventaja que en todos los casos usted puede ser su propio representante.</li><li><strong>CONTRATAR UN CONSULTOR:</strong>&nbsp;La segunda opción es contratar a un representante que lo guíe. En este caso, el consultor podrá estudiar su perfil y el de su grupo familiar y decirle cuáles son sus posibilidades de inmigrar. De hecho, en una sola consulta ellos le detallarán un plan migratorio para que pueda aplicar y usted puede decidir si ya sabiendo el proceso que es más apto para usted, aplica solo, o si decide continuar contratando al consultor para que llene sus visas, documentos, etc.</li><li>Si elige contratar un consultor ponga mucho cuidado a las siguientes recomendaciones:</li></ol><ul><li class=\"ql-indent-1\">Para que alguien pueda cobrarle por asesorarlo, debe ser un consultor con registro ICCRC, es decir, debe estar certificado por el gobierno de Canadá.</li><li class=\"ql-indent-1\">Nadie que no esté registrado puede cobrarle por asesorarlo.</li><li class=\"ql-indent-1\">Fíjense que sean buenos. No solo que esté registrado, sino que tenga buenas recomendaciones, que le importe su proceso, que tenga experiencia.</li></ul><p>Aquí te dejo los consultores certificados por el gobierno que yo recomiendo y que pueden llevar absolutamente todo tu proceso de migración. Una de sus grandes ventajas es que en su equipo hay consultores que hablan español, así que serás guiado en tu idioma. (Enlazar con link de botón asesoría).</p>', 1),
(4, 1, 'PREGUNTAS GENERALES', '<ol><li><strong>Edad:</strong>&nbsp;Entre lo más común está el preguntarse si se es mayor de x edad aún se tienen opciones y la respuesta es sí. Esto quiere decir que en algunos procesos importa la edad y en otros no es determinante por lo que emigrar va más allá de esto.</li><li><strong>Estado civil:</strong>&nbsp;“Nati ¿puedo ir en familia? ¿Y si voy solo(a)’ ¿Soy madre/padre soltera(o)?”. Esto no es determinante para venir a vivir, es decir, su estado civil es un dato más para emigrar a Canadá. Si tiene hijos, puede venir. Si no tiene y no quiere tener, puede venir. Así que desde hoy sabe que no es un limitante.</li><li><strong>Fondos monetarios:</strong>&nbsp;¿Cuánto dinero se necesita para emigrar? Depende. Al existir tantos procesos, es difícil decirles una cifra pues cada uno es diferente al otro. Por ejemplo, si consigues una oferta laboral, tu proceso será muy económico. Si vienes vía estudio, deberás contar con una buena base monetaria. Lo que sí es que la mayoría de procesos requieren de tener una base económica que puedas demostrarle a Canadá que mientras te ubicas en el país, consigues trabajo, etc, no serás una carga.</li></ol><p><br></p>', 1),
(5, 2, 'Express Entry', '<p class=\"ql-align-justify\">	Express Entry es uno de los programas más famosos con el que las personas se convierten en residentes permanentes. Para darles una explicación sencilla, es un sistema de puntos en el que de acuerdo a diferentes factores, vas a tener un número y entrar a competir con otras personas para ser elegido. Entre más puntos, más oportunidades de ser elegido. Es válido para todo Canadá a excepción de Québec.</p><p class=\"ql-align-justify\"><strong>¿En que se basan los puntos?</strong></p><p class=\"ql-align-justify\">Vas a sumar y determinar tus puntos de acuerdo a:</p><ul><li>Tu profesión</li><li>Experiencia laboral</li><li>Edad (Este es uno de los procesos en los que la edad si importa)</li><li>Idioma (Sí o sí necesitas saber inglés, francés o los dos)</li><li>Educación (Entre más estudios, más puntos).</li></ul><p class=\"ql-align-justify\"><strong>¿Cómo aplicar?</strong></p><p class=\"ql-align-justify\">La idea es que aplique sabiendo que su puntaje es competitivo y tendrá posibilidades de ser elegido. Para eso, puede verificar cada vez que hay “sorteo” cuál fue el candidato con menor puntaje elegido y así hacerse una idea de si tiene usted un buen puntaje. Por ejemplo, si el candidato de menor puntos elegidos fue de 400 puntos y usted tiene 500 puntos, sabrá que realmente tiene opciones de recibir la invitación.</p><p class=\"ql-align-justify\">Cuando me refiero a invitación es porque la idea del express entry es que usted se pone en una “piscina” de candidaturas con otras personas y cada aproximadamente dos semanas, el gobierno “invita” a cientos de personas a presentar su solicitud de residencia.</p><p class=\"ql-align-justify\">Usted puede recibir la invitación estando dentro o fuera de Canadá, es decir que, si tiene una súper candidatura, puede presentarse a este proceso desde otro país y llegar a ser elegido. De ser así, podría inmigrar ya siendo residente permanente con todas las garantías.</p><p class=\"ql-align-justify\">Aquí entre nos, los mejores perfiles se forman si tiene el idioma (inglés y/o francés), menos de 35 años, carrera universitaria y hasta maestría. Esto no quiere decir que si tiene más de 35 no pueda aplicar, pero al ser menor de esta edad, va a recibir mayor cantidad de puntos.</p><p class=\"ql-align-justify\">Entre las curiosidades está que vivir en Canadá, estudiar y/o trabajar aquí, da puntos. Es por eso que mucha gente viene primero a estudiar para terminar de sumar y mejorar su candidatura y luego aplica.</p><p class=\"ql-align-justify\">Sabiendo esto, puede aplicar en la página del gobierno que es Canada.ca o contratar a un consultor que lleve su proceso.</p><p class=\"ql-align-justify\">Para sumar sus puntos, puede hacerlo</p><p><br></p>', 1),
(6, 2, 'Estudios', '<p class=\"ql-align-justify\">Canadá tiene algo increíble que no lo tiene casi ningún país y es que si vienes a estudiar ciertas cosas + trabajar, podrías aplicar a la residencia permanente. Entre otras cosas, es un proceso en el que, si el aplicante principal cumple con los requisitos, normalmente puede venir con su pareja e hijos (si tiene).</p><p class=\"ql-align-justify\"><strong>¿Cómo funciona?</strong></p><p class=\"ql-align-justify\">Resulta que para este país “la experiencia canadiense” es de mucho valor. Por eso, si una persona viene a estudiar determinado tiempo y trabajar, tendrá varias formas de aplicar a la residencia permanente. No hay una única forma de aplicar, todo dependerá de la provincia y habilidades de cada persona.</p><p class=\"ql-align-justify\"><strong>Estudiar idiomas:</strong>&nbsp;Pues bien, lo primero que debes saber es que este “tipo de estudios” que suman para la residencia permanente, no aplica el estudiar idiomas. Venir a estudiar inglés o francés se trata de una inversión y durante el tiempo que lo haces no podrás trabajar, no te suma a la residencia y no te cubre venir con tu pareja e hijos.</p><p class=\"ql-align-justify\">Sin embargo, en ocasiones puede que no tengas el idioma suficientemente bien para entrar a una universidad o college, por lo que venir y hacer un par de meses de cursos, aunque te va a costar más, puede ser útil.</p><p class=\"ql-align-justify\">Entre las ventajas está que si haces determinados cursos de idiomas aquí, la Universidad o College no te exigirá un examen internacional de certificación del idioma, pues asume que si aprobaste esos cursos, ya sabes el idioma.</p><p class=\"ql-align-justify\">Son también muy apetecidos los cursos de verano en los que puedes venir, conocer el país y aprovechar este intercambio de culturas para aprender la lengua.</p><p class=\"ql-align-justify\"><strong>Estudiar en College</strong></p><p class=\"ql-align-justify\"><strong>¿Qué es un college?</strong></p><p class=\"ql-align-justify\">No hay una definición exacta, pero podría decirse que son escuelas de estudios “técnicos y tecnológicos”. Se caracterizan porque está más enfocado a la práctica, suelen ser más cortos que las universidades y más fáciles de acceder.</p><p class=\"ql-align-justify\">Entre las ventajas está que hay de literalmente todos los tipos y para estudiar prácticamente cualquier cosa. Hay de tiempo corto o largo, hay Colleges públicos y privados, etc.</p><p class=\"ql-align-justify\">La diferencia entre un college público y privado está en que normalmente los privados suelen ser más económicos y muchos no dan PGWP (ya vamos a explicar lo que es). Entre sus ventajas esta que son más económicos que las universidades, están muy bien valorados e igual te podrán dar el derecho a aplicar a la residencia permanente.</p><p class=\"ql-align-justify\"><strong>Estudiar en Universidad</strong></p><p class=\"ql-align-justify\">En Canadá existen de las mejores universidades del mundo. Aquí puedes venir a hacer pregrado, maestría, especialización, doctorado, etc. Entre los requisitos que normalmente te van a exigir, es tener un muy buen nivel del idioma (Sea inglés o francés). Las universidades son más costosas que los colleges aunque aun así, son más económicas que otros países como Estados Unidos.</p><p class=\"ql-align-justify\">Aquí te dejo el nombre de algunas Universidades que están ubicados en los primeros puestos en el ranking internacional:</p><ul><li>University of Toronto: Entre las 20 mejores universidades del mundo.</li><li>University of British Columbia: Ubicada en el lugar 35 del ARWU (Academic Ranking of th World Universities), es la segunda major Universidad de Canadá.</li><li>McGill University: Se encuentra entre las mejores 50 Universidades del mundo. Aunque está en Montreal, sus clases son dictadas en inglés.</li><li>Mc Master University: De aquí se han graduado 4 ganadores del premio Nobel.</li><li>University of Alberta: Una de las 5 mejores Universidades de todo Canadá.</li></ul><p class=\"ql-align-justify\"><strong>Costos de estudios</strong></p><p class=\"ql-align-justify\">Para tener claridad en esta parte, debes saber que existen dos tipos de costos a demostrar para hacer tu solicitud:</p><ol><li>El dinero del curso (Universidad, maestría, College, etc) que vas a realizar.</li></ol><p><br></p><p class=\"ql-align-justify\">Esto es en cuanto al valor de la matrícula, es decir, el precio del curso que vayas a realizar. El valor depende de si es college privado o público, universidad, maestría, etc.</p><p class=\"ql-align-justify\">También varían de acuerdo a la provincia a que vayas, tiempo etc. Una idea aproximada podría ser:</p><ul><li>College privados: Desde $7.000 CAD el año</li><li>College Públicos: Desde $12.000 - $15.000 CAD el año</li><li>Universidades: Desde $17.000 CAD el año</li></ul><p class=\"ql-align-justify\">Hay posibilidades de encontrar más baratos y más caros. Esto es solo un aproximado.</p><ol><li>El dinero de respaldo (Demostrar capacidad financiera)</li></ol><p><br></p><p class=\"ql-align-justify\">Esto significa que además del dinero de la “matrícula” tienes que demostrar que tienes dinero para establecerte aquí mientras estudias. Lean muy bien, dice: DEMOSTRAR. Este dinero no se lo van a cobrar, no se lo tiene que gastar. Esto es para que Canadá esté seguro que usted cuenta con fondos suficientes y no será una carga.</p><p class=\"ql-align-justify\"><strong>¿Cuánto dinero debo demostrar?</strong></p><p class=\"ql-align-justify\">El gobierno en su página tiene unos montos que propone:</p><ul><li>Costo de la matrícula +</li><li>Aplicante principal (Estudiante) $10.000 CAD</li><li>Primer miembro (Ejemplo, por la pareja) $4.000 CAD</li><li>Segundo miembro (Ejemplo, un hijo) $3.000 CAD+</li></ul><p class=\"ql-align-justify\">Por ejemplo, si estás soltero, el gobierno propone demostrar $10.000 CAD + el costo de su matrícula.</p><p class=\"ql-align-justify\">Si viene una familia: papá, mamá e hijo, deberá demostrar costo de estudio + $10.000 CAD + $4.000 CAD + $3.000 CAD para un total de $17.000 CAD de respaldo + el costo de estudio.</p><p class=\"ql-align-justify\">Ahora, la realidad es que este tema es debatido pues muchas personas han demostrado solo lo justo y han tenido respuestas positivas, pero otras recomiendan siempre tener más. Entre los factores para decidir demostrar más está el “depende” a la provincia que se vaya pues si es una que generalmente es costosa, dicen que es bueno tener más fondos.</p><p class=\"ql-align-justify\">Tenga presente que, si tiene pareja e hijos, el dinero que debe demostrar es contando la existencia de ellos venga o no vengan con usted. Esto con el fin de protección de la familia, pues Canadá quiere ver que todo su grupo va a estar bien ya sea aquí o en el país en que se quedan y que usted tiene los fondos para cubrir sus gastos.</p><p class=\"ql-align-justify\"><strong>Trabajar + estudiar</strong></p><p class=\"ql-align-justify\">Normalmente, venir a hacer “estudios superiores” te da la posibilidad de trabajar 20 horas a la semana con un OWP (Open work permit). Esto significa “Permiso de trabajo abierto”, es decir que puedes trabajar literalmente en “cualquier cosa” esté o no relacionada con tu carrera.</p><p class=\"ql-align-justify\">Mucha gente se preocupa sobre si consigue trabaja y la respuesta es ¡SI! Siempre hay trabajo en cosas como por ejemplo las fábricas, limpieza, jardinería, etc. Estos son trabajos en los que no les preocupa mucho tu nivel de idioma y que puedes empezar normalmente cualquier día e ir coordinando tu horario.</p><p class=\"ql-align-justify\">Ahora bien, a la pregunta ¿Conseguiré trabajo en mi profesión? La respuesta es: depende. Muchas personas corren con la suerte de ser contratas inmediatamente después de llegar y, de hecho, hasta de contar con una oferta laboral que les permitiría dejar el estudio y pasarse a una visa 100% de trabajo. Sin embargo, no es el caso de todos. Encontrar trabajo en tu área dependerá de quién eres tú, tu experiencia, tus estudios y tu nivel de idioma.</p><p class=\"ql-align-justify\">Esta última parte siempre la aclaro porque el nivel de idioma realmente te abre muchas puertas, así que, si hoy me pides un consejo, es que lo perfecciones para poder ubicarte muy bien laboralmente.</p><p class=\"ql-align-justify\">Ojo, recuerden que todo lo que estamos hablando de trabajar ´estudias, no está incluido cuando se viene a estudiar idiomas. Estudiar idiomas no te da derecho a trabajar.</p><p class=\"ql-align-justify\"><strong>Pareja de estudiante</strong></p><p class=\"ql-align-justify\">Una de las razones por la cual venir a estudiar es de los programas estrellas, es por el hecho que tu pareja tiene derecho de venir contigo y contar con un permiso de trabajo abierto de tiempo completo. Esto significa que tendrá derecho a 40 horas de trabajo para laboral en “cualquier cosa” y en este caso, no importa si tu pareja tiene el idioma o no, simplemente por el hecho de ser tu pareja, podrá acompañarte en toda esta experiencia canadiense y luego aplicar a la residencia juntos.</p><p class=\"ql-align-justify\">En este sentido, si vienes con alguien, tú podrás trabajar 20 horas y tu pareja 40 horas, para un total de 60 horas semanales con lo que podrán cubrir sus gastos en Canadá.</p><p class=\"ql-align-justify\">No es una obligación trabajar, es un derecho así que tú decides si hacerlo o no. De igual forma, no es un requisito venir con pareja, si eres soltero podrás aplicar sin ningún inconveniente.</p><p class=\"ql-align-justify\"><strong>Hijos de estudiante</strong></p><p class=\"ql-align-justify\">Si tienes hijos y vienes con ellos, tendrán derecho a estudiar gratuitamente como cualquier canadiense, en todos los estudios excepto los de educación superior que serían pagos. Debes tener en cuenta que puedes emigrar con ellos si son menores de 22 años y de igual forma, pueden aplicar todos juntos a la residencia permanente.</p><p class=\"ql-align-justify\"><strong>Residencia permanente por estudios</strong></p><p class=\"ql-align-justify\">Después de estudiar y trabajar determinado tiempo, puedes aplicar a la residencia permanente. Esa es una de las grandes ventajas que da este país. Debes poner mucha atención en el tipo de estudio que eliges, el tiempo que te dan de PGWP, porque todo esto influirá a la hora de convertirte en residente permanente. De igual forma, debes fijarte mucho a cuál provincia aplicar porque esto podrá influir mucho en el tiempo que te conviertes en residente permanente.</p><p class=\"ql-align-justify\">No puedo darles un consejo general y decirles: “estudien este tiempo y en esta provincia” porque no hay una respuesta igual para todo el mundo. Como digo todo el tiempo, cada persona de acuerdo a su edad, profesión, presupuesto, etc., tendrá más viabilidad en una u otra cosa y es por eso la importancia de ver bien cada caso en específico.</p><p class=\"ql-align-justify\"><strong>PGWP (Post graduated work permit)</strong></p><p class=\"ql-align-justify\">Este es uno de los términos más importantes a la hora de venir a estudiar. Resulta que Canadá por el hecho de estudiar x tiempo, te da luego tiempo para que puedas solo dedicarte a trabajar. Ya sabemos que mientras estudie, tiene derecho a trabajar 20 horas a la semana, pero cuando se gradúe, va a tener tiempo para dedicarse solo a laboral, con lo que podrá sumar tiempo para pedir la residencia, además de recuperar la inversión que hizo.</p><p class=\"ql-align-justify\">Canadá lo ha establecido así:</p><ul><li>Si viene menos de 7 meses a estudiar, normalmente no tiene PGWP.</li><li>Si viene entre 7 meses a 2 años, le dan el mismo tiempo que estudió para trabajar. Ejemplo: Vino a tomar un curso de un año, le dan otro año para solo trabajar. Vino a tomar un curso de año y medio, le dan otro año y medio para trabajar.</li><li>Si viene para estudios de a partir de 2 años, Canadá le da hasta 3 años adicionales para solo trabajar. Este tiempo es lo más recomendado pues casi que la aseguraría 5 años en Canadá lo que le daría más tiempo aún para pedir la residencia.</li></ul><p class=\"ql-align-justify\">Cabe decir que todo este tiempo puede estar usted aquí con su familia e hijos en caso que los tenga, y que su pareja continuaría con su permiso de trabajo de tiempo completo.</p><p class=\"ql-align-justify\"><strong>Cabe decir que todo este tiempo puede estar usted aquí con su familia e hijos en caso que los tenga, y que su pareja continuaría con su permiso de trabajo de tiempo completo.</strong></p><p>Aunque cuando seas residente permanente o ciudadano tendrás derecho a la salud gratuita, mientras eres estudiante deberás contar con un seguro privado. Normalmente no cubren embarazados ni enfermedades preexistentes.</p>', 1),
(7, 2, 'Trabajador extranjero', '<p class=\"ql-align-justify\">¿Se puede llegar directamente a trabajar a Canadá? Sí, y aquí te voy a explicar de qué se trata.</p><p class=\"ql-align-justify\">Este es de las mayores formas en las que existe “fraude” pues es muy común encontrar ofertas que dicen “por $500 te llevaremos a trabajar a Canadá”. Aquí quiero aclararles que nunca, nunca, debes pagar por tener un trabajo y que nadie puede cobrarte por conseguírtelo. No funciona así, es ilegal y empezando por este punto, tendrías una alerta de darte cuenta que no es una oferta real.</p><p class=\"ql-align-justify\">Lo segundo importante que debes saber es que tampoco existe ir a la embajada y pedir “una visa de trabajo en cualquier cosa”. Es decir, no es que puedas simplemente pedir por una visa de trabajo, tenerla y llegar a buscar el trabajo aquí. En este sentido, antes de aplicar a este tipo de visa debes tener “la oferta laboral”.</p><p class=\"ql-align-justify\">Al decirles “oferta laboral” me refiero a que una empresa debe estar interesada en contratarte, por lo que Canadá te otorgará la visa con un “permiso de trabajo cerrado”. Esto quiere decir que, de ser aprobada tu visa, tendrás el derecho de trabajar únicamente para la empresa de la cual mostraste la oferta laboral y no llegar a Canadá, renunciar, y buscarte otro trabajo.</p><p class=\"ql-align-justify\">Ahora bien, no te preocupes porque Canadá es el país de los derechos. Es decir, este permiso de trabajo se conserva siempre y cuando las condiciones por las cuales fue hecho el contrato se cumplan y tus derechos estén siendo respetados en todos los sentidos. Si una empresa llega a realizar algún tipo de abuso, siempre tendrás organizaciones que velarán por ti.</p><p class=\"ql-align-justify\">Aquí les voy a decir unos requisitos que generalmente hay que cumplir a la hora de pedir la visa de trabajo:</p><ul><li>Contar con la oferta laboral (Empresa que esté lista en contratarte)</li><li>Normalmente te van a exigir el idioma sea inglés y/o francés. El nivel dependerá del tipo de trabajo y de la elección de tu empleador que a la final es quien elige.</li><li>Contar con LMIA o si tu país tiene TLC (Tratado de libre comercio) con Canadá, que tu profesión esté en esta lista. ¿Nati qué es eso? Relax que ya les voy a explicar.</li></ul><p class=\"ql-align-justify\"><strong>LMIA</strong></p><p class=\"ql-align-justify\">Canadá protege su país y no tendría sentido traer trabajadores mientras dentro de Canadá haya personas listas para ocupar esos cargos. Por esto Canadá le dice a las empresas “Listo, le dejamos que traiga a alguien de otro país, pero primero demuéstreme que no hay nadie ya en Canadá que pueda ocupar ese puesto que usted necesita”. Ahí entra el famoso LMIA.</p><p class=\"ql-align-justify\">El LMIA es en sí el documento que el empleador necesita para demostrarle a Canadá que hizo una búsqueda activa de un trabajador y que definitivamente no hubo nadie dentro del país que pudiera ocupar el cargo. Un LMIA positivo quiere decir que Canadá le dio la autorización de buscar alguien afuera y con esto, el trabajador podrá adjuntarlo para hacer su solicitud de visa de trabajo.</p><p class=\"ql-align-justify\">Este LMIA debe ser realizado directamente por el empleador. Hay profesiones de ciertos países que están exentos de LMIA (lo veremos más adelante).</p><p class=\"ql-align-justify\">Tengan presente que, para obtener este documento positivo, el empleado que se desea contratar debe ser el óptimo para el cargo a ocupar. Para esto ayuda tener una profesión técnica o universitaria que haga sentido con la oferta laboral e igual experiencia en el cargo que se desea ocupar. En sí, no hay requisitos que el gobierno diga de “Debe tener x profesión, x experiencia, x idiomas”, esta decisión va más hacia el lado del empleador y de su necesidad.</p><p class=\"ql-align-justify\"><strong>TLC (Tratado de libre comercio)</strong></p><p class=\"ql-align-justify\">Esta es una de las mejores noticias e información que pueden encontrar aquí. Canadá tiene firmado TLC con 4 países de Latinoamérica: Colombia, México, Perú y Chile. Si tu país no está mencionado en estos 4 anteriores quiere decir que no tiene TLC en este ámbito de empleados con Canadá.</p><p class=\"ql-align-justify\">El TLC en sí es la libertad que tiene un empleador de contratar a un trabajador extranjero sin necesidad de LMIA. Así, el empleador puede hacer la oferta laboral sin necesidad ni siquiera de buscar si hay alguien dentro de Canadá que pueda realizar esta labor.</p><p><span style=\"background-color: rgb(238, 244, 237); color: rgb(96, 109, 117);\">Ahora bien, no todas las profesiones están incluidas en este tratado. Hay unas listas específicas para cada país detallando las que cuentan con este beneficio y las excepciones también. Tenga presente que si su profesión no está ahí, aun así puede llegar a trabajar a Canadá pero este caso necesitaría el LMIA.</span></p><p class=\"ql-align-justify\"><strong>Pareja del trabajador</strong></p><p class=\"ql-align-justify\">Normalmente cuando un trabajador viene a Canadá, tiene el derecho a traer a su pareja. En este caso, igual que pasa con los estudiantes, la pareja tiene el derecho de venir sin importar su habla idiomas o no, si tiene profesión o no, y podrá contar con un permiso de trabajo abierto (OWP) lo que quiere decir que podrá trabajar en cualquier cosa.</p><p class=\"ql-align-justify\"><strong>Hijos del trabajador</strong></p><p class=\"ql-align-justify\">Nuevamente, igual que en el caso de estudiantes, los hijos del trabajador tienen derecho a venir y a tener educación gratuita, excepto cuando se trata de educación superior que en ese caso es paga. De igual forma, en el momento que el trabajador aplique a la residencia permanente, tanto hijos y pareja también podrán hacerlo.</p><p class=\"ql-align-justify\"><strong>Residencia permanente por trabajar</strong></p><p>Al igual que cuando se viene a estudiar, Canadá valora la experiencia canadiense por lo que dependiendo del tiempo que vengas a laborar, junto con otros requisitos, podrás aplicar a la residencia permanente. Esto depende también del tipo de trabajo que vengas a realizar así que no es una regla de oro que siempre que vengas por esta vía, vas a poder ser residente permanente.</p>', 1),
(8, 2, 'Apadrinamiento de pareja', '<p class=\"ql-align-justify\">Apadrinamiento o “sponsorship” de pareja, es cuando tu novio(a) o esposo(a) que ya es residente o ciudadano canadiense, te “patrocina” por decirlo de alguna forma, para que tú también te conviertas en residente permanente de Canadá. En estos casos, se trata de “reunificación familiar” por lo que no importa si la pareja apadrinada tiene profesión, idioma, etc, simplemente por el hecho de ser pareja de un residente o ciudadano, tiene derecho a venir a estar permanentemente con él/ella a este país.</p><p class=\"ql-align-justify\">Ahora bien, no es que automáticamente tengas una pareja canadiense, va a llegarte la residencia. Antes, debes pasar por un proceso de “apadrinamiento” donde por medio de documentos, pruebas, etc., deben demostrar la genuinidad de la relación y el gobierno decidir si acepta o no.</p><p class=\"ql-align-justify\">Para apadrinar a tu pareja pueden hacerlo si son “pareja de hecho” o están casados. De igual forma, puedes hacer el proceso outland o inland. A continuación te explico estos factores.</p><p class=\"ql-align-justify\"><strong>Requisitos generales</strong></p><p class=\"ql-align-justify\">Para poder apadrinar a la pareja debe cumplirse con los siguientes requisitos:</p><ul><li>Ser mayor de 18 años.</li><li>Ser ciudadano o residente permanente.</li><li>No estar recibiendo asistencia social (Con excepciones)</li><li>Demostrar que puede satisfacer las necesidades básicas de quien desea apadrinar.</li><li>Es posible que no pueda apadrinar a su pareja si el patrocinador fue apadrinado por una pareja y se convirtió en residente permanente hace menos de 5 años.</li><li>De igual forma, es posible que no pueda apadrinar a su pareja si aún se encuentra a cargo de otra pareja que patrocinó en el pasado.</li><li>Verificar el resto de requisitos en canada.ca</li></ul><p class=\"ql-align-justify\"><strong>Unión libre (Common Law)</strong></p><p class=\"ql-align-justify\">Para Canadá casarse es una elección y no una obligación. Es por esto que si eres ciudadano o residente permanente, puedes apadrinar a tu novio(a) si son considerados una pareja de hecho o common law.</p><p class=\"ql-align-justify\">Para llegar a ser un common law, deben haber vivido bajo el mismo techo como una pareja por al menos un año consecutivo. Es muy importante que se cumpla este año pues es a partir de este momento que puedes acceder a este proceso.</p><p class=\"ql-align-justify\"><strong>Pruebas por Common Law</strong></p><p class=\"ql-align-justify\">Como no están casados, normalmente deben demostrar más pruebas que si lo estuvieran pues es la única forma en que Canadá puede darse cuenta que es una relación real y que verdaderamente constituyen una pareja de hecho. Las pruebas más comunes y recomendadas son:</p><ol><li>Contrato de arrendamiento juntos (Que esté el nombre de los dos)</li><li>Facturas a la misma dirección. Pueden ser del celular, gimnasio, pedidos, documentos del gobierno, del banco, etc, en el que se demuestre que reciben la correspondencia a la misma dirección.</li><li>Cuenta de banco juntos (Una misma cuenta a nombre de los dos)</li><li>Propiedades juntos. Puede ser muebles o inmuebles (Carro, casa, etc)</li><li>Seguro de vida en el que se ponga como beneficiario a la pareja.</li><li>Recibos de utilidades a nombre de los dos como por ejemplo el del agua, la luz, internet, etc</li><li>Fotos en diferentes momentos. Es muy importante mostrar diferentes épocas, viajes si han hecho, amigos, familia, etc.</li><li>Firmar en notaría que son una pareja de hecho. En Canadá existe un formulario específicamente para esto o si estás en otro país, puedes ir y decir que quieres testificar tu relación.</li><li>Testigos. Aunque no es un requisito oficial, dicen que es bueno enviar cartas de vecinos, padres, amigos, que den fe de la relación que tienen. No hay un formato claro y no debe ir firmado en notaría.</li><li>Comunicación. Es muy importante mostrar que hablan constantemente sea por whastapp, texto, llamadas, correo, etc.</li></ol><p class=\"ql-align-justify\">Lo mencionado anteriormente no se necesita en su totalidad, pero entre más pruebas tengas, más sólido será tu proceso. Lo que sí debes saber es que no basta tener solo fotos y cartas de testigos. Deben haber pruebas contundentes de que efectivamente han vivido en la misma dirección por al menos un año y en esto soy recurrente porque hay personas que después de 3 meses de vivir juntos deciden aplicar lo que será en vano pues Canadá es muy claro en el tiempo mínimo en que te conviertes en pareja de hecho.</p><p class=\"ql-align-justify\">En caso que uno de los dos sea dueño de la vivienda, háganlo saber con pruebas. Es decir, es ideal que ustedes muestren todo de frente porque una de las mayores pruebas es el contrato de arrendamiento y si no lo tienen, es bueno explicar las razones.</p><p class=\"ql-align-justify\">En los formularios van a hacerles preguntas muy específicas y debes saber que no es obligatorio al final pasar por entrevista de los oficiales, pero puede pasar. De igual forma, por más que envíes todas las pruebas, ellos pueden llegar a solicitar más.</p><p class=\"ql-align-justify\">Este año de vivir juntos puede ser dentro o fuera de Canadá y debe ser consecutivo o con pequeñas separaciones. No puede sumarse algo como: “Hace 3 años vivimos juntos 3 meses, hace 1 año vivimos juntos 2 meses, es decir 5 meses en total”. No. Debe ser un año de corrido en el que pueden separarse por ejemplo por vacaciones, trabajo, etc, por periodos cortos como se lleva una vida normal de pareja.</p><p class=\"ql-align-justify\"><strong>Casados</strong></p><p class=\"ql-align-justify\">Para este proceso se necesitan menos pruebas porque en sí ya el matrimonio como tal es una prueba muy grande para el gobierno. En este caso, no importa cuánto tiempo llevan viviendo juntos o de conocidos, lo que importa es que sea una relación real. El matrimonio puede llevarse a cabo dentro o fuera de Canadá.</p><p class=\"ql-align-justify\"><strong>Pruebas por matrimonio</strong></p><ol><li>Es indispensable enviar el acta de matrimonio.</li><li>Debe ser un matrimonio válido, que al momento de haberlo contraído ninguno de los dos se encuentre casado.</li><li>Comunicación. Nuevamente es importante mostrar la forma en que hablan: mensajes de texto, llamadas, etc.</li><li>Fotos</li><li>Todas las mencionadas en common law pueden ayudar a darle fuerza a la relación. Nuevamente les aclaro que no debes cumplir con todas las mencionadas, pero entre más tengas, mejor.</li></ol><p class=\"ql-align-justify\"><strong>Parejas conyugales</strong></p><p class=\"ql-align-justify\">Hay relaciones en las que no están casados y tampoco pueden vivir juntos por razones que se salen del control. Sin embargo, llevan una relación “matrimonial” y por tanto Canadá da la posibilidad de apadrinamiento. Las razones por las que no pueden casarse o constituir un common law, deben ser contundentes y demostrables como por impedimentos religiosos, políticos, sociales, culturales, etc. La pareja debe estar fuera de Canadá y deben tener una relación de al menos un año.</p><p class=\"ql-align-justify\"><strong>Apadrinamiento de hijos de la pareja</strong></p><p class=\"ql-align-justify\">Si la pareja que va a apadrinar tiene hijo(s) el ciudadano o residente canadiense también puede apadrinarlo. Para poder apadrinar a estos hijos deben ser menores de 22 años, ser dependientes y no tener pareja de hecho o estar casados.</p><p class=\"ql-align-justify\"><strong>Apadrinamiento de relaciones del mismo sexo</strong></p><p>Para Canadá el sexo no es un determinante a la hora de considerar un matrimonio o unión de hecho válido. Aquí los matrimonios del mismo sexo son igual de legales y válidos que los de diferente sexo por lo que las explicaciones anteriormente dadas, son igual para unos que para otros siempre demostrando la autenticidad de la relación.</p>', 1),
(9, 3, 'Vivir en Canadá', '<p class=\"ql-align-justify\"><strong>Vivienda</strong></p><p class=\"ql-align-justify\">La vivienda sea alquilada o comprada, es casi que el mayor gasto que se tiene en la vida en Canadá. Sus precios dependen de la provincia, ubicación, tipo de construcción, etc.</p><p class=\"ql-align-justify\"><strong>Variación del precio</strong></p><p class=\"ql-align-justify\">Muchas personas me dicen “Nati, recomiendame el barrio más seguro de Montreal”. En Canadá este concepto de “barrio más seguro” es prácticamente inexistente pues todos los barrios en general podrían considerarse igual de seguros. Ahora bien, que sea más caro o más barato depende mucho de factores como por ejemplo la cercanía a una estación de metro. Entre más cerca, tendrá más valor el alquiler del lugar que elijas para vivir.</p><p class=\"ql-align-justify\">De igual forma, el precio varía de acuerdo a su cercanía al “Down Town” o centro de la ciudad. Nuevamente, entre más cerca, más vale. Todos estos factores obviamente dependerán del tipo de vivienda pues generalmente entre más grande, más costo tendrá.</p><p class=\"ql-align-justify\"><strong>Encontrar vivienda</strong></p><p class=\"ql-align-justify\">Para alquilar y conocer los precios de vivienda de la ciudad donde vas, te recomiendo poner en google “Rent apartment in (la ciudad donde vas). Ahí te arrojarán páginas donde encontrarás mucha información. De igual forma, en Market place de Facebook puedes buscar de la misma manera y tender muchos resultados. Traza un presupuesto real, saca un promedio y calcula que una gran parte de tu salario, se irá en esto.</p><p class=\"ql-align-justify\"><strong>Condiciones</strong></p><p class=\"ql-align-justify\">Lean muy bien las condiciones que establece cada vivienda pues pueden tener condiciones como no recibir mascotas, no apto para fumadores, entre otras. No te preocupes que espacios donde si te reciban con todo lo que quieres, vas a encontrar.</p><p class=\"ql-align-justify\">De igual forma, ahí van a aclararte si está incluido la electricidad, internet, etc. así que, a la hora de elegir, debes prestar mucha atención a estos detalles.</p><p class=\"ql-align-justify\"><strong>Comprar casa</strong></p><p class=\"ql-align-justify\">Comprar casa o vivienda en Canadá es una inversión bastante grande. Si cuentas con fondos suficiente puedes optar por esta vía, sino, te recomendaría llegar inicialmente de alquiler, ahorrar e ir viendo en qué lugar te gustaría vivir. Como todo, es un plan de vida.</p><p>Obvio podrás acceder a préstamos y facilidades de pago. La buena noticia es que muchas veces para dar este paso, no te piden un porcentaje tan grande como cuota inicial.</p>', 1),
(10, 4, 'Asesoría', '<p style=\"text-align: right;\"><strong><em><del>Hola Mundo</del></em></strong></p>', 1);

-- --------------------------------------------------------

--
-- Estructura de tabla para la tabla `secciontab`
--

CREATE TABLE `secciontab` (
  `id` int(11) NOT NULL,
  `titulo` text NOT NULL,
  `cantidad` int(11) NOT NULL,
  `estatus` int(2) NOT NULL
) ENGINE=InnoDB DEFAULT CHARSET=latin1;

--
-- Volcado de datos para la tabla `secciontab`
--

INSERT INTO `secciontab` (`id`, `titulo`, `cantidad`, `estatus`) VALUES
(1, 'INMIGRAR A CANADÁ', 3, 1),
(2, 'PROCESOS', 4, 1),
(3, 'VIVIR EN CANADÁ', 1, 1),
(4, 'ASESORÍA', 1, 1);

-- --------------------------------------------------------

--
-- Estructura de tabla para la tabla `user`
--

CREATE TABLE `user` (
  `id` int(9) UNSIGNED NOT NULL,
  `nombre` varchar(50) NOT NULL,
  `nombreUsuario` varchar(50) NOT NULL,
  `password` varchar(50) NOT NULL,
  `userLevel` int(3) NOT NULL,
  `image` varchar(255) DEFAULT '../admin/storage/archivos/no_image.jpg',
  `ultimoLogin` datetime DEFAULT NULL,
  `idReferido` int(9) NOT NULL,
  `confirmacion` int(9) NOT NULL,
  `created` datetime NOT NULL,
  `perfil` int(2) NOT NULL DEFAULT '0',
  `estatus` int(2) NOT NULL
) ENGINE=InnoDB DEFAULT CHARSET=latin1;

--
-- Volcado de datos para la tabla `user`
--

INSERT INTO `user` (`id`, `nombre`, `nombreUsuario`, `password`, `userLevel`, `image`, `ultimoLogin`, `idReferido`, `confirmacion`, `created`, `perfil`, `estatus`) VALUES
(1, 'Naty Sistema', 'admin@admin.com', '90b9aa7e25f80cf4f64e990b78a9fc5ebd6cecad', 1, '../admin/storage/archivos/no_image.jpg', '2021-10-16 12:55:16', 1, 1, '0000-00-00 00:00:00', 0, 1);

-- --------------------------------------------------------

--
-- Estructura de tabla para la tabla `userlevel`
--

CREATE TABLE `userlevel` (
  `id` int(3) UNSIGNED NOT NULL,
  `nombreLevel` varchar(50) DEFAULT NULL,
  `numeroLevel` int(3) DEFAULT NULL,
  `estatus` int(2) DEFAULT NULL
) ENGINE=InnoDB DEFAULT CHARSET=latin1;

--
-- Volcado de datos para la tabla `userlevel`
--

INSERT INTO `userlevel` (`id`, `nombreLevel`, `numeroLevel`, `estatus`) VALUES
(1, 'ADMINISTRADOR', 1, 1),
(2, 'DOCENTE', 2, 1),
(3, 'ALUMNO', 3, 1);

--
-- Índices para tablas volcadas
--

--
-- Indices de la tabla `agenda`
--
ALTER TABLE `agenda`
  ADD PRIMARY KEY (`id`);

--
-- Indices de la tabla `archivo`
--
ALTER TABLE `archivo`
  ADD PRIMARY KEY (`id`),
  ADD KEY `agenda` (`idGuia`);

--
-- Indices de la tabla `archivoblog`
--
ALTER TABLE `archivoblog`
  ADD PRIMARY KEY (`id`);

--
-- Indices de la tabla `categoria`
--
ALTER TABLE `categoria`
  ADD PRIMARY KEY (`id`);

--
-- Indices de la tabla `ciudad`
--
ALTER TABLE `ciudad`
  ADD PRIMARY KEY (`id`),
  ADD KEY `Paises_Codigo` (`pais`),
  ADD KEY `Ciudad` (`ciudad`);

--
-- Indices de la tabla `comentario`
--
ALTER TABLE `comentario`
  ADD PRIMARY KEY (`id`);

--
-- Indices de la tabla `currency`
--
ALTER TABLE `currency`
  ADD KEY `CurrencyISO_Language` (`CurrencyISO`,`Language`);

--
-- Indices de la tabla `enlace`
--
ALTER TABLE `enlace`
  ADD PRIMARY KEY (`id`);

--
-- Indices de la tabla `entrada`
--
ALTER TABLE `entrada`
  ADD PRIMARY KEY (`id`);

--
-- Indices de la tabla `estado`
--
ALTER TABLE `estado`
  ADD PRIMARY KEY (`id`),
  ADD KEY `IDX_4786469191104EC2` (`ubicacionpaisid`);

--
-- Indices de la tabla `mensaje`
--
ALTER TABLE `mensaje`
  ADD PRIMARY KEY (`id`);

--
-- Indices de la tabla `pais`
--
ALTER TABLE `pais`
  ADD PRIMARY KEY (`id`);

--
-- Indices de la tabla `paises`
--
ALTER TABLE `paises`
  ADD PRIMARY KEY (`Codigo`);

--
-- Indices de la tabla `seccion`
--
ALTER TABLE `seccion`
  ADD PRIMARY KEY (`id`),
  ADD KEY `FKST` (`idSeccionTab`);

--
-- Indices de la tabla `secciontab`
--
ALTER TABLE `secciontab`
  ADD PRIMARY KEY (`id`);

--
-- Indices de la tabla `user`
--
ALTER TABLE `user`
  ADD PRIMARY KEY (`id`),
  ADD KEY `userlevel` (`userLevel`);

--
-- Indices de la tabla `userlevel`
--
ALTER TABLE `userlevel`
  ADD PRIMARY KEY (`id`),
  ADD UNIQUE KEY `USERLEVEL` (`numeroLevel`);

--
-- AUTO_INCREMENT de las tablas volcadas
--

--
-- AUTO_INCREMENT de la tabla `agenda`
--
ALTER TABLE `agenda`
  MODIFY `id` int(11) NOT NULL AUTO_INCREMENT;

--
-- AUTO_INCREMENT de la tabla `archivo`
--
ALTER TABLE `archivo`
  MODIFY `id` int(11) NOT NULL AUTO_INCREMENT;

--
-- AUTO_INCREMENT de la tabla `archivoblog`
--
ALTER TABLE `archivoblog`
  MODIFY `id` int(11) NOT NULL AUTO_INCREMENT, AUTO_INCREMENT=9;

--
-- AUTO_INCREMENT de la tabla `categoria`
--
ALTER TABLE `categoria`
  MODIFY `id` int(3) UNSIGNED NOT NULL AUTO_INCREMENT, AUTO_INCREMENT=6;

--
-- AUTO_INCREMENT de la tabla `ciudad`
--
ALTER TABLE `ciudad`
  MODIFY `id` int(11) NOT NULL AUTO_INCREMENT, AUTO_INCREMENT=243;

--
-- AUTO_INCREMENT de la tabla `comentario`
--
ALTER TABLE `comentario`
  MODIFY `id` int(11) NOT NULL AUTO_INCREMENT;

--
-- AUTO_INCREMENT de la tabla `enlace`
--
ALTER TABLE `enlace`
  MODIFY `id` int(11) NOT NULL AUTO_INCREMENT;

--
-- AUTO_INCREMENT de la tabla `entrada`
--
ALTER TABLE `entrada`
  MODIFY `id` int(11) NOT NULL AUTO_INCREMENT, AUTO_INCREMENT=3;

--
-- AUTO_INCREMENT de la tabla `estado`
--
ALTER TABLE `estado`
  MODIFY `id` int(11) NOT NULL AUTO_INCREMENT, AUTO_INCREMENT=2202;

--
-- AUTO_INCREMENT de la tabla `mensaje`
--
ALTER TABLE `mensaje`
  MODIFY `id` int(11) NOT NULL AUTO_INCREMENT, AUTO_INCREMENT=11;

--
-- AUTO_INCREMENT de la tabla `pais`
--
ALTER TABLE `pais`
  MODIFY `id` int(11) NOT NULL AUTO_INCREMENT, AUTO_INCREMENT=247;

--
-- AUTO_INCREMENT de la tabla `seccion`
--
ALTER TABLE `seccion`
  MODIFY `id` int(11) NOT NULL AUTO_INCREMENT, AUTO_INCREMENT=11;

--
-- AUTO_INCREMENT de la tabla `secciontab`
--
ALTER TABLE `secciontab`
  MODIFY `id` int(11) NOT NULL AUTO_INCREMENT, AUTO_INCREMENT=5;

--
-- AUTO_INCREMENT de la tabla `user`
--
ALTER TABLE `user`
  MODIFY `id` int(9) UNSIGNED NOT NULL AUTO_INCREMENT, AUTO_INCREMENT=2;

--
-- AUTO_INCREMENT de la tabla `userlevel`
--
ALTER TABLE `userlevel`
  MODIFY `id` int(3) UNSIGNED NOT NULL AUTO_INCREMENT, AUTO_INCREMENT=4;

--
-- Restricciones para tablas volcadas
--

--
-- Filtros para la tabla `archivo`
--
ALTER TABLE `archivo`
  ADD CONSTRAINT `fka` FOREIGN KEY (`idGuia`) REFERENCES `agenda` (`id`) ON DELETE CASCADE ON UPDATE CASCADE;

--
-- Filtros para la tabla `seccion`
--
ALTER TABLE `seccion`
  ADD CONSTRAINT `FKSSTA` FOREIGN KEY (`idSeccionTab`) REFERENCES `secciontab` (`id`);
COMMIT;

/*!40101 SET CHARACTER_SET_CLIENT=@OLD_CHARACTER_SET_CLIENT */;
/*!40101 SET CHARACTER_SET_RESULTS=@OLD_CHARACTER_SET_RESULTS */;
/*!40101 SET COLLATION_CONNECTION=@OLD_COLLATION_CONNECTION */;
